order_id,date,product_id,product_name,category,region,quantity_sold,unit_price,discount_pct,sales_rep
ORD00001,2026-05-22 09:47:02.645720,P068,Product_68,Electronics,North,13,4846.61,,Sneha
ORD00002,2026-05-10 09:47:02.645720,P083,Product_83,Electronics,East,13,2039.88,15.0,Rahul
ORD00003,2026-04-19 09:47:02.645720,P062,Product_62,Electronics,East,20,867.72,10.0,Anjali
ORD00004,2026-04-05 09:47:02.645720,P035,Product_35,Sports,South,18,4242.32,15.0,Sneha
ORD00005,2026-04-06 09:47:02.645720,P035,Product_35,Sports,Central,4,4886.43,15.0,Priya
ORD00006,2026-04-13 09:47:02.645720,P016,Product_16,Fashion,South,9,6577.46,,Anjali
ORD00007,2026-04-12 09:47:02.645720,P003,Product_3,Home,South,17,4635.54,0.0,Priya
ORD00008,2026-04-18 09:47:02.645720,P072,Product_72,Fashion,North,11,9025.74,0.0,Priya
ORD00009,2026-06-01 09:47:02.645720,P018,Product_18,Home,South,4,8676.23,,Amit
ORD00010,2026-05-01 09:47:02.645720,P009,Product_9,Home,East,17,5912.62,0.0,Rahul
ORD00011,2026-03-31 09:47:02.645720,P048,Product_48,Electronics,West,9,6432.73,0.0,Anjali
ORD00012,2026-06-05 09:47:02.645720,P097,Product_97,Home,East,14,9881.5,15.0,Rahul
ORD00013,2026-04-15 09:47:02.645720,P077,Product_77,Home,North,11,8233.0,5.0,Vikas
ORD00014,2026-06-02 09:47:02.645720,P088,Product_88,Electronics,North,5,7529.99,5.0,Priya
ORD00015,2026-05-11 09:47:02.645720,P073,Product_73,Electronics,North,8,942.93,10.0,Sneha
ORD00016,2026-05-08 09:47:02.645720,P084,Product_84,Sports,South,12,9349.89,15.0,Sneha
ORD00017,2026-03-31 09:47:02.645720,P048,Product_48,Electronics,Central,13,7258.66,5.0,Sneha
ORD00018,2026-04-25 09:47:02.645720,P011,Product_11,Electronics,East,15,3752.35,10.0,Priya
ORD00019,2026-04-02 09:47:02.645720,P021,Product_21,Home,West,20,3095.97,10.0,Anjali
ORD00020,2026-05-09 09:47:02.645720,P097,Product_97,Home,East,18,6043.79,0.0,Vikas
ORD00021,2026-04-08 09:47:02.645720,P038,Product_38,Fashion,Central,6,1934.78,10.0,Anjali
ORD00022,2026-06-03 09:47:02.645720,P022,Product_22,Fashion,West,-11,741.58,10.0,Anjali
ORD00023,2026-03-26 09:47:02.645720,P032,Product_32,Sports,Central,4,8212.45,15.0,Anjali
ORD00024,2026-04-20 09:47:02.645720,P052,Product_52,Electronics,North,9,7531.45,10.0,Sneha
ORD00025,2026-03-27 09:47:02.645720,P099,Product_99,Home,Central,12,3083.24,15.0,Sneha
ORD00026,2026-04-19 09:47:02.645720,P054,Product_54,Home,West,12,5309.61,0.0,Rahul
ORD00027,2026-04-15 09:47:02.645720,P035,Product_35,Sports,East,5,8085.11,10.0,Vikas
ORD00028,2026-04-25 09:47:02.645720,P011,Product_11,Electronics,East,17,1548.14,15.0,Vikas
ORD00029,2026-03-18 09:47:02.645720,P005,Product_5,Electronics,North,4,6711.36,5.0,Priya
ORD00030,2026-03-24 09:47:02.645720,P041,Product_41,Home,East,2,9546.58,,Rahul
ORD00031,2026-05-23 09:47:02.645720,P054,Product_54,Home,South,-16,1709.26,10.0,Vikas
ORD00032,2026-03-27 09:47:02.645720,P029,Product_29,Home,West,9,5506.77,5.0,Sneha
ORD00033,2026-04-12 09:47:02.645720,P019,Product_19,Home,West,14,3158.61,10.0,Amit
ORD00034,2026-05-03 09:47:02.645720,P087,Product_87,Fashion,West,4,9516.23,10.0,Vikas
ORD00035,2026-04-06 09:47:02.645720,P090,Product_90,Fashion,East,8,3691.33,5.0,Priya
ORD00036,2026-04-18 09:47:02.645720,P071,Product_71,Electronics,North,-19,6685.27,10.0,Vikas
ORD00037,2026-04-22 09:47:02.645720,P090,Product_90,Fashion,South,11,6900.89,,Vikas
ORD00038,2026-04-16 09:47:02.645720,P090,Product_90,Fashion,South,11,1058.49,5.0,Sneha
ORD00039,2026-05-25 09:47:02.645720,P002,Product_2,Electronics,South,4,1059.15,10.0,Anjali
ORD00040,2026-05-28 09:47:02.645720,P074,Product_74,Electronics,West,2,3336.13,5.0,Anjali
ORD00041,2026-03-11 09:47:02.645720,P049,Product_49,Home,South,5,3502.72,,Rahul
ORD00042,2026-06-04 09:47:02.645720,P024,Product_24,Sports,North,19,4294.27,,Vikas
ORD00043,2026-05-29 09:47:02.645720,P086,Product_86,Home,East,15,355.28,0.0,Amit
ORD00044,2026-04-24 09:47:02.645720,P009,Product_9,Home,West,11,7553.73,0.0,Priya
ORD00045,2026-04-03 09:47:02.645720,P042,Product_42,Home,North,6,9558.12,10.0,Rahul
ORD00046,2026-03-17 09:47:02.645720,P084,Product_84,Sports,East,5,7505.02,15.0,Priya
ORD00047,2026-04-17 09:47:02.645720,P009,Product_9,Home,South,8,4394.17,10.0,Priya
ORD00048,2026-06-07 09:47:02.645720,P071,Product_71,Electronics,Central,6,3879.93,0.0,Vikas
ORD00049,2026-05-08 09:47:02.645720,P031,Product_31,Sports,West,19,7855.05,5.0,Priya
ORD00050,2026-03-11 09:47:02.645720,P055,Product_55,Fashion,Central,5,3621.71,15.0,Anjali
ORD00051,2026-04-16 09:47:02.645720,P062,Product_62,Electronics,East,4,2781.68,,Amit
ORD00052,2026-04-05 09:47:02.645720,P058,Product_58,Sports,South,8,815.82,15.0,Amit
ORD00053,2026-04-27 09:47:02.645720,P061,Product_61,Sports,North,7,9232.92,5.0,Vikas
ORD00054,2026-06-01 09:47:02.645720,P078,Product_78,Fashion,South,3,9969.84,10.0,Priya
ORD00055,2026-04-09 09:47:02.645720,P030,Product_30,Fashion,East,9,3723.83,5.0,Priya
ORD00056,2026-06-02 09:47:02.645720,P081,Product_81,Home,Central,12,3947.29,10.0,Amit
ORD00057,2026-05-17 09:47:02.645720,P071,Product_71,Electronics,East,2,1806.25,,Vikas
ORD00058,2026-05-12 09:47:02.645720,P082,Product_82,Sports,Central,6,7213.27,10.0,Rahul
ORD00059,2026-05-04 09:47:02.645720,P034,Product_34,Electronics,Central,20,9034.84,0.0,Priya
ORD00060,2026-04-17 09:47:02.645720,P067,Product_67,Home,North,3,4032.63,10.0,Sneha
ORD00061,2026-06-08 09:47:02.645720,P060,Product_60,Fashion,Central,20,5106.16,,Rahul
ORD00062,2026-04-11 09:47:02.645720,P058,Product_58,Sports,Central,5,4929.31,15.0,Vikas
ORD00063,2026-04-17 09:47:02.645720,P073,Product_73,Electronics,West,11,4469.45,,Priya
ORD00064,2026-05-21 09:47:02.645720,P099,Product_99,Home,West,8,1633.99,5.0,Rahul
ORD00065,2026-05-01 09:47:02.645720,P004,Product_4,Electronics,West,8,1644.95,0.0,Amit
ORD00066,2026-06-02 09:47:02.645720,P016,Product_16,Fashion,West,17,1988.93,15.0,Sneha
ORD00067,2026-03-24 09:47:02.645720,P075,Product_75,Electronics,Central,13,2890.73,,Sneha
ORD00068,2026-04-27 09:47:02.645720,P055,Product_55,Fashion,East,16,2621.66,10.0,Rahul
ORD00069,2026-04-15 09:47:02.645720,P074,Product_74,Electronics,South,13,3247.73,0.0,Vikas
ORD00070,2026-04-22 09:47:02.645720,P094,Product_94,Electronics,South,9,3451.77,10.0,Vikas
ORD00071,2026-05-09 09:47:02.645720,P029,Product_29,Home,South,17,8549.39,5.0,Rahul
ORD00072,2026-03-21 09:47:02.645720,P080,Product_80,Home,Central,17,9172.14,15.0,Anjali
ORD00073,2026-03-27 09:47:02.645720,P099,Product_99,Home,South,5,9753.65,15.0,Priya
ORD00074,2026-05-20 09:47:02.645720,P093,Product_93,Home,East,18,3344.15,15.0,Vikas
ORD00075,2026-04-12 09:47:02.645720,P092,Product_92,Electronics,East,17,9031.45,,Anjali
ORD00076,2026-04-03 09:47:02.645720,P076,Product_76,Electronics,Central,3,4446.06,15.0,Amit
ORD00077,2026-03-13 09:47:02.645720,P060,Product_60,Fashion,North,16,2546.57,15.0,Priya
ORD00078,2026-05-15 09:47:02.645720,P008,Product_8,Fashion,East,6,7947.84,15.0,Sneha
ORD00079,2026-05-04 09:47:02.645720,P043,Product_43,Home,South,1,7416.13,,Vikas
ORD00080,2026-03-16 09:47:02.645720,P033,Product_33,Home,North,19,3337.32,5.0,Amit
ORD00081,2026-04-11 09:47:02.645720,P049,Product_49,Home,East,14,7130.28,,Priya
ORD00082,2026-05-07 09:47:02.645720,P002,Product_2,Electronics,West,4,4810.38,15.0,Sneha
ORD00083,2026-05-18 09:47:02.645720,P062,Product_62,Electronics,West,18,2170.09,10.0,Anjali
ORD00084,2026-04-28 09:47:02.645720,P078,Product_78,Fashion,West,6,361.73,5.0,Priya
ORD00085,2026-03-26 09:47:02.645720,P088,Product_88,Electronics,South,13,6489.26,5.0,Vikas
ORD00086,2026-05-17 09:47:02.645720,P067,Product_67,Home,Central,4,4602.14,15.0,Vikas
ORD00087,2026-03-31 09:47:02.645720,P023,Product_23,Sports,East,3,7346.33,0.0,Amit
ORD00088,2026-06-03 09:47:02.645720,P091,Product_91,Home,Central,6,9453.05,15.0,Rahul
ORD00089,2026-04-15 09:47:02.645720,P074,Product_74,Electronics,East,2,3343.95,5.0,Rahul
ORD00090,2026-06-01 09:47:02.645720,P040,Product_40,Sports,West,13,893.61,0.0,Priya
ORD00091,2026-04-10 09:47:02.645720,P042,Product_42,Home,North,9,6970.75,15.0,Anjali
ORD00092,2026-04-15 09:47:02.645720,P004,Product_4,Electronics,East,15,7944.79,0.0,Priya
ORD00093,2026-05-31 09:47:02.645720,P009,Product_9,Home,West,17,2193.45,10.0,Amit
ORD00094,2026-05-22 09:47:02.645720,P009,Product_9,Home,West,13,2177.71,0.0,Rahul
ORD00095,2026-05-17 09:47:02.645720,P002,Product_2,Electronics,North,7,7518.02,10.0,Anjali
ORD00096,2026-06-03 09:47:02.645720,P040,Product_40,Sports,East,20,9178.32,0.0,Sneha
ORD00097,2026-03-21 09:47:02.645720,P015,Product_15,Fashion,North,1,7409.12,,Sneha
ORD00098,2026-04-29 09:47:02.645720,P071,Product_71,Electronics,West,19,1582.95,,Anjali
ORD00099,2026-03-20 09:47:02.645720,P015,Product_15,Fashion,Central,13,457.96,5.0,Rahul
ORD00100,2026-03-24 09:47:02.645720,P055,Product_55,Fashion,South,-11,1126.85,5.0,Amit
ORD00101,2026-03-20 09:47:02.645720,P042,Product_42,Home,West,8,5374.45,0.0,Anjali
ORD00102,2026-03-16 09:47:02.645720,P086,Product_86,Home,North,10,2023.41,10.0,Priya
ORD00103,2026-05-28 09:47:02.645720,P050,Product_50,Fashion,South,3,9676.13,5.0,Rahul
ORD00104,2026-03-30 09:47:02.645720,P063,Product_63,Electronics,South,15,9354.46,,Sneha
ORD00105,2026-05-07 09:47:02.645720,P038,Product_38,Fashion,Central,3,3247.95,15.0,Amit
ORD00106,2026-04-01 09:47:02.645720,P072,Product_72,Fashion,East,13,7423.74,0.0,Anjali
ORD00107,2026-05-18 09:47:02.645720,P052,Product_52,Electronics,South,13,6577.62,15.0,Priya
ORD00108,2026-05-26 09:47:02.645720,P010,Product_10,Sports,East,20,3655.18,5.0,Sneha
ORD00109,2026-06-06 09:47:02.645720,P100,Product_100,Home,Central,8,628.84,5.0,Anjali
ORD00110,2026-05-18 09:47:02.645720,P081,Product_81,Home,North,6,2698.12,15.0,Anjali
ORD00111,2026-05-02 09:47:02.645720,P015,Product_15,Fashion,East,10,1202.09,5.0,Rahul
ORD00112,2026-05-25 09:47:02.645720,P057,Product_57,Fashion,South,10,1175.99,10.0,Rahul
ORD00113,2026-05-05 09:47:02.645720,P091,Product_91,Home,South,7,4034.9,,Amit
ORD00114,2026-05-26 09:47:02.645720,P082,Product_82,Sports,South,20,4550.41,10.0,Sneha
ORD00115,2026-03-29 09:47:02.645720,P025,Product_25,Fashion,South,1,1429.93,5.0,Priya
ORD00116,2026-05-11 09:47:02.645720,P032,Product_32,Sports,North,1,1003.41,0.0,Rahul
ORD00117,2026-05-16 09:47:02.645720,P059,Product_59,Sports,East,10,6184.23,5.0,Amit
ORD00118,2026-05-17 09:47:02.645720,P028,Product_28,Electronics,West,12,9478.45,15.0,Amit
ORD00119,2026-04-29 09:47:02.645720,P076,Product_76,Electronics,Central,14,6942.27,15.0,Amit
ORD00120,2026-04-07 09:47:02.645720,P085,Product_85,Fashion,South,8,9339.07,5.0,Rahul
ORD00121,2026-03-28 09:47:02.645720,P073,Product_73,Electronics,West,13,2323.2,10.0,Priya
ORD00122,2026-04-13 09:47:02.645720,P095,Product_95,Home,South,9,2952.33,,Priya
ORD00123,2026-04-08 09:47:02.645720,P023,Product_23,Sports,Central,10,3523.24,5.0,Vikas
ORD00124,2026-03-25 09:47:02.645720,P012,Product_12,Home,East,11,2360.57,0.0,Rahul
ORD00125,2026-05-21 09:47:02.645720,P027,Product_27,Electronics,Central,3,5677.9,,Vikas
ORD00126,2026-05-07 09:47:02.645720,P023,Product_23,Sports,Central,12,9143.53,15.0,Rahul
ORD00127,2026-03-22 09:47:02.645720,P082,Product_82,Sports,West,1,8448.36,15.0,Priya
ORD00128,2026-05-23 09:47:02.645720,P042,Product_42,Home,East,15,8054.99,15.0,Anjali
ORD00129,2026-04-11 09:47:02.645720,P091,Product_91,Home,West,15,8944.88,15.0,Vikas
ORD00130,2026-05-12 09:47:02.645720,P043,Product_43,Home,West,-11,5481.49,,Amit
ORD00131,2026-04-22 09:47:02.645720,P080,Product_80,Home,East,11,1796.79,10.0,Priya
ORD00132,2026-03-21 09:47:02.645720,P009,Product_9,Home,East,16,351.94,15.0,Sneha
ORD00133,2026-04-09 09:47:02.645720,P085,Product_85,Fashion,East,16,5197.41,15.0,Anjali
ORD00134,2026-04-25 09:47:02.645720,P022,Product_22,Fashion,South,6,8956.74,0.0,Sneha
ORD00135,2026-04-22 09:47:02.645720,P003,Product_3,Home,North,13,4117.24,15.0,Sneha
ORD00136,2026-03-13 09:47:02.645720,P051,Product_51,Home,Central,6,3135.37,,Rahul
ORD00137,2026-05-05 09:47:02.645720,P037,Product_37,Fashion,North,3,9826.61,5.0,Priya
ORD00138,2026-03-20 09:47:02.645720,P016,Product_16,Fashion,West,17,3488.1,0.0,Sneha
ORD00139,2026-03-11 09:47:02.645720,P098,Product_98,Electronics,South,5,3645.73,5.0,Rahul
ORD00140,2026-04-06 09:47:02.645720,P064,Product_64,Sports,South,1,3114.64,5.0,Anjali
ORD00141,2026-05-24 09:47:02.645720,P044,Product_44,Electronics,South,6,3610.36,10.0,Vikas
ORD00142,2026-03-15 09:47:02.645720,P016,Product_16,Fashion,South,14,5448.2,,Anjali
ORD00143,2026-04-01 09:47:02.645720,P057,Product_57,Fashion,Central,7,1588.4,5.0,Rahul
ORD00144,2026-03-27 09:47:02.645720,P046,Product_46,Fashion,North,6,5815.17,15.0,Amit
ORD00145,2026-05-11 09:47:02.645720,P016,Product_16,Fashion,East,11,284.27,0.0,Sneha
ORD00146,2026-05-08 09:47:02.645720,P004,Product_4,Electronics,Central,10,469.31,15.0,Anjali
ORD00147,2026-05-19 09:47:02.645720,P002,Product_2,Electronics,South,1,8508.42,10.0,Priya
ORD00148,2026-05-02 09:47:02.645720,P041,Product_41,Home,West,3,3829.95,0.0,Sneha
ORD00149,2026-05-18 09:47:02.645720,P024,Product_24,Sports,East,8,1951.66,,Sneha
ORD00150,2026-04-08 09:47:02.645720,P033,Product_33,Home,South,7,9467.38,0.0,Anjali
ORD00151,2026-05-30 09:47:02.645720,P049,Product_49,Home,North,19,1303.68,,Anjali
ORD00152,2026-04-14 09:47:02.645720,P058,Product_58,Sports,East,9,6479.0,15.0,Vikas
ORD00153,2026-04-04 09:47:02.645720,P083,Product_83,Electronics,East,14,2630.17,,Anjali
ORD00154,2026-04-10 09:47:02.645720,P018,Product_18,Home,West,17,1862.18,,Priya
ORD00155,2026-03-20 09:47:02.645720,P059,Product_59,Sports,West,20,2571.47,10.0,Amit
ORD00156,2026-05-08 09:47:02.645720,P094,Product_94,Electronics,North,9,7183.81,10.0,Vikas
ORD00157,2026-05-06 09:47:02.645720,P049,Product_49,Home,Central,6,992.48,0.0,Sneha
ORD00158,2026-05-17 09:47:02.645720,P086,Product_86,Home,East,3,1138.76,0.0,Priya
ORD00159,2026-03-31 09:47:02.645720,P075,Product_75,Electronics,South,13,3022.51,,Amit
ORD00160,2026-05-22 09:47:02.645720,P075,Product_75,Electronics,North,9,8078.79,,Vikas
ORD00161,2026-04-22 09:47:02.645720,P087,Product_87,Fashion,East,13,2344.94,,Priya
ORD00162,2026-03-22 09:47:02.645720,P052,Product_52,Electronics,East,11,5699.16,15.0,Vikas
ORD00163,2026-04-04 09:47:02.645720,P080,Product_80,Home,South,4,290.52,5.0,Amit
ORD00164,2026-04-24 09:47:02.645720,P072,Product_72,Fashion,East,10,9609.15,,Priya
ORD00165,2026-04-20 09:47:02.645720,P090,Product_90,Fashion,Central,3,6718.38,5.0,Vikas
ORD00166,2026-05-24 09:47:02.645720,P066,Product_66,Fashion,East,2,1808.25,0.0,Amit
ORD00167,2026-05-19 09:47:02.645720,P053,Product_53,Sports,Central,15,3889.44,10.0,Priya
ORD00168,2026-05-05 09:47:02.645720,P077,Product_77,Home,North,12,240.04,,Sneha
ORD00169,2026-05-20 09:47:02.645720,P043,Product_43,Home,Central,15,4699.13,15.0,Priya
ORD00170,2026-03-13 09:47:02.645720,P020,Product_20,Sports,Central,3,6209.61,15.0,Amit
ORD00171,2026-05-22 09:47:02.645720,P003,Product_3,Home,East,10,897.29,5.0,Rahul
ORD00172,2026-03-27 09:47:02.645720,P061,Product_61,Sports,South,-20,4492.12,5.0,Vikas
ORD00173,2026-03-30 09:47:02.645720,P042,Product_42,Home,West,11,4391.17,15.0,Anjali
ORD00174,2026-04-03 09:47:02.645720,P091,Product_91,Home,North,6,221.21,5.0,Sneha
ORD00175,2026-05-27 09:47:02.645720,P082,Product_82,Sports,West,13,3733.31,0.0,Vikas
ORD00176,2026-03-11 09:47:02.645720,P078,Product_78,Fashion,East,-19,6599.78,15.0,Anjali
ORD00177,2026-05-27 09:47:02.645720,P063,Product_63,Electronics,East,13,2668.56,15.0,Rahul
ORD00178,2026-05-08 09:47:02.645720,P086,Product_86,Home,North,1,6725.09,,Vikas
ORD00179,2026-05-03 09:47:02.645720,P078,Product_78,Fashion,North,6,4828.33,5.0,Priya
ORD00180,2026-03-19 09:47:02.645720,P091,Product_91,Home,North,5,3857.69,5.0,Amit
ORD00181,2026-05-12 09:47:02.645720,P028,Product_28,Electronics,North,2,9152.01,15.0,Amit
ORD00182,2026-04-12 09:47:02.645720,P058,Product_58,Sports,East,15,7788.1,5.0,Sneha
ORD00183,2026-05-23 09:47:02.645720,P099,Product_99,Home,East,20,1851.25,10.0,Sneha
ORD00184,2026-05-21 09:47:02.645720,P001,Product_1,Fashion,Central,7,6413.84,5.0,Anjali
ORD00185,2026-04-20 09:47:02.645720,P093,Product_93,Home,Central,15,2393.1,10.0,Anjali
ORD00186,2026-04-16 09:47:02.645720,P099,Product_99,Home,South,17,200.95,0.0,Priya
ORD00187,2026-06-09 09:47:02.645720,P067,Product_67,Home,South,14,2638.4,10.0,Rahul
ORD00188,2026-03-29 09:47:02.645720,P094,Product_94,Electronics,North,8,3147.45,,Rahul
ORD00189,2026-04-15 09:47:02.645720,P079,Product_79,Electronics,South,20,6023.97,15.0,Sneha
ORD00190,2026-05-31 09:47:02.645720,P083,Product_83,Electronics,West,10,5634.04,5.0,Vikas
ORD00191,2026-04-11 09:47:02.645720,P082,Product_82,Sports,West,10,1626.51,10.0,Sneha
ORD00192,2026-06-07 09:47:02.645720,P084,Product_84,Sports,Central,15,9355.16,5.0,Amit
ORD00193,2026-05-18 09:47:02.645720,P001,Product_1,Fashion,North,15,8755.51,5.0,Anjali
ORD00194,2026-06-05 09:47:02.645720,P030,Product_30,Fashion,Central,14,7711.18,5.0,Amit
ORD00195,2026-03-12 09:47:02.645720,P024,Product_24,Sports,South,10,2917.3,5.0,Sneha
ORD00196,2026-06-07 09:47:02.645720,P012,Product_12,Home,Central,1,8397.84,10.0,Anjali
ORD00197,2026-04-07 09:47:02.645720,P096,Product_96,Home,East,5,3112.53,15.0,Amit
ORD00198,2026-03-16 09:47:02.645720,P095,Product_95,Home,South,14,5458.9,10.0,Vikas
ORD00199,2026-05-31 09:47:02.645720,P003,Product_3,Home,West,11,8778.43,15.0,Anjali
ORD00200,2026-04-05 09:47:02.645720,P014,Product_14,Electronics,North,13,7377.59,15.0,Priya
ORD00201,2026-06-05 09:47:02.645720,P084,Product_84,Sports,South,13,5929.89,5.0,Priya
ORD00202,2026-04-28 09:47:02.645720,P099,Product_99,Home,North,20,2530.03,15.0,Sneha
ORD00203,2026-05-12 09:47:02.645720,P033,Product_33,Home,West,13,8664.27,0.0,Amit
ORD00204,2026-04-24 09:47:02.645720,P009,Product_9,Home,North,7,4943.52,0.0,Vikas
ORD00205,2026-04-30 09:47:02.645720,P062,Product_62,Electronics,South,8,8004.27,,Anjali
ORD00206,2026-04-04 09:47:02.645720,P083,Product_83,Electronics,North,11,4719.07,10.0,Sneha
ORD00207,2026-05-30 09:47:02.645720,P051,Product_51,Home,North,6,501.97,15.0,Priya
ORD00208,2026-04-07 09:47:02.645720,P076,Product_76,Electronics,South,3,4327.1,15.0,Sneha
ORD00209,2026-04-12 09:47:02.645720,P090,Product_90,Fashion,West,-9,5079.19,0.0,Anjali
ORD00210,2026-04-05 09:47:02.645720,P064,Product_64,Sports,East,8,6232.18,10.0,Anjali
ORD00211,2026-04-03 09:47:02.645720,P005,Product_5,Electronics,North,17,964.97,,Priya
ORD00212,2026-03-19 09:47:02.645720,P100,Product_100,Home,East,9,9683.03,,Sneha
ORD00213,2026-05-29 09:47:02.645720,P059,Product_59,Sports,Central,5,7136.97,10.0,Amit
ORD00214,2026-05-04 09:47:02.645720,P003,Product_3,Home,West,3,4547.47,10.0,Vikas
ORD00215,2026-05-14 09:47:02.645720,P098,Product_98,Electronics,Central,14,8915.75,10.0,Rahul
ORD00216,2026-05-15 09:47:02.645720,P073,Product_73,Electronics,East,5,3392.7,15.0,Anjali
ORD00217,2026-05-04 09:47:02.645720,P081,Product_81,Home,Central,11,4872.14,,Anjali
ORD00218,2026-05-26 09:47:02.645720,P007,Product_7,Home,Central,2,2556.97,10.0,Amit
ORD00219,2026-06-04 09:47:02.645720,P079,Product_79,Electronics,West,6,5686.83,,Rahul
ORD00220,2026-03-21 09:47:02.645720,P016,Product_16,Fashion,South,18,3568.02,,Sneha
ORD00221,2026-04-25 09:47:02.645720,P072,Product_72,Fashion,Central,13,5892.87,5.0,Priya
ORD00222,2026-05-20 09:47:02.645720,P032,Product_32,Sports,West,3,4876.41,5.0,Vikas
ORD00223,2026-03-17 09:47:02.645720,P004,Product_4,Electronics,Central,10,6336.13,5.0,Priya
ORD00224,2026-03-26 09:47:02.645720,P096,Product_96,Home,West,20,4965.0,15.0,Amit
ORD00225,2026-04-16 09:47:02.645720,P004,Product_4,Electronics,South,16,4904.73,5.0,Priya
ORD00226,2026-04-19 09:47:02.645720,P058,Product_58,Sports,South,20,4614.53,,Rahul
ORD00227,2026-04-05 09:47:02.645720,P048,Product_48,Electronics,South,11,1151.78,0.0,Anjali
ORD00228,2026-05-12 09:47:02.645720,P090,Product_90,Fashion,West,16,7846.97,,Anjali
ORD00229,2026-06-08 09:47:02.645720,P090,Product_90,Fashion,South,19,4875.85,,Priya
ORD00230,2026-05-01 09:47:02.645720,P029,Product_29,Home,South,10,5371.89,0.0,Amit
ORD00231,2026-04-04 09:47:02.645720,P062,Product_62,Electronics,South,18,6867.94,10.0,Sneha
ORD00232,2026-03-16 09:47:02.645720,P042,Product_42,Home,North,14,421.1,5.0,Rahul
ORD00233,2026-06-06 09:47:02.645720,P094,Product_94,Electronics,South,8,3710.67,,Anjali
ORD00234,2026-03-21 09:47:02.645720,P024,Product_24,Sports,West,16,3263.55,5.0,Rahul
ORD00235,2026-03-30 09:47:02.645720,P083,Product_83,Electronics,South,5,9825.03,,Anjali
ORD00236,2026-06-07 09:47:02.645720,P034,Product_34,Electronics,East,7,2956.1,15.0,Rahul
ORD00237,2026-04-18 09:47:02.645720,P033,Product_33,Home,Central,2,6175.25,,Rahul
ORD00238,2026-03-22 09:47:02.645720,P001,Product_1,Fashion,Central,19,8510.2,5.0,Anjali
ORD00239,2026-05-17 09:47:02.645720,P048,Product_48,Electronics,East,13,2313.11,,Vikas
ORD00240,2026-06-08 09:47:02.645720,P044,Product_44,Electronics,East,20,5503.81,0.0,Rahul
ORD00241,2026-05-19 09:47:02.645720,P097,Product_97,Home,North,3,9083.07,15.0,Amit
ORD00242,2026-05-25 09:47:02.645720,P072,Product_72,Fashion,South,18,7362.77,0.0,Anjali
ORD00243,2026-03-20 09:47:02.645720,P017,Product_17,Sports,South,16,3958.43,15.0,Rahul
ORD00244,2026-05-14 09:47:02.645720,P075,Product_75,Electronics,North,16,6178.69,0.0,Sneha
ORD00245,2026-03-23 09:47:02.645720,P047,Product_47,Electronics,South,12,4888.07,15.0,Amit
ORD00246,2026-05-07 09:47:02.645720,P066,Product_66,Fashion,North,6,6823.67,,Anjali
ORD00247,2026-05-28 09:47:02.645720,P053,Product_53,Sports,Central,8,5950.7,5.0,Anjali
ORD00248,2026-06-04 09:47:02.645720,P060,Product_60,Fashion,South,17,887.69,,Anjali
ORD00249,2026-05-13 09:47:02.645720,P085,Product_85,Fashion,Central,4,9361.32,5.0,Vikas
ORD00250,2026-05-05 09:47:02.645720,P011,Product_11,Electronics,Central,16,8841.16,,Rahul
ORD00251,2026-03-25 09:47:02.645720,P072,Product_72,Fashion,North,9,8676.77,15.0,Anjali
ORD00252,2026-05-28 09:47:02.645720,P031,Product_31,Sports,West,13,5405.87,5.0,Priya
ORD00253,2026-04-08 09:47:02.645720,P007,Product_7,Home,South,2,3042.12,15.0,Sneha
ORD00254,2026-03-18 09:47:02.645720,P057,Product_57,Fashion,South,13,6317.27,,Amit
ORD00255,2026-03-11 09:47:02.645720,P089,Product_89,Fashion,East,2,4723.94,15.0,Rahul
ORD00256,2026-04-04 09:47:02.645720,P088,Product_88,Electronics,North,10,9023.24,0.0,Vikas
ORD00257,2026-05-25 09:47:02.645720,P069,Product_69,Fashion,West,19,8362.86,5.0,Priya
ORD00258,2026-04-07 09:47:02.645720,P034,Product_34,Electronics,North,5,464.54,5.0,Sneha
ORD00259,2026-05-19 09:47:02.645720,P057,Product_57,Fashion,North,7,5256.63,,Anjali
ORD00260,2026-04-25 09:47:02.645720,P002,Product_2,Electronics,Central,14,7405.35,15.0,Priya
ORD00261,2026-03-20 09:47:02.645720,P007,Product_7,Home,South,4,6518.86,,Sneha
ORD00262,2026-05-20 09:47:02.645720,P004,Product_4,Electronics,East,10,1829.19,,Priya
ORD00263,2026-04-06 09:47:02.645720,P044,Product_44,Electronics,Central,3,6921.17,0.0,Amit
ORD00264,2026-05-05 09:47:02.645720,P005,Product_5,Electronics,North,4,2020.61,10.0,Amit
ORD00265,2026-06-06 09:47:02.645720,P046,Product_46,Fashion,South,10,7161.51,5.0,Amit
ORD00266,2026-06-05 09:47:02.645720,P084,Product_84,Sports,South,-2,4393.39,15.0,Amit
ORD00267,2026-05-29 09:47:02.645720,P011,Product_11,Electronics,West,6,7466.0,0.0,Priya
ORD00268,2026-05-07 09:47:02.645720,P010,Product_10,Sports,West,18,2573.59,5.0,Amit
ORD00269,2026-03-17 09:47:02.645720,P018,Product_18,Home,South,19,7186.27,15.0,Rahul
ORD00270,2026-04-30 09:47:02.645720,P079,Product_79,Electronics,West,20,2776.47,,Anjali
ORD00271,2026-04-30 09:47:02.645720,P068,Product_68,Electronics,East,3,2582.95,,Sneha
ORD00272,2026-04-27 09:47:02.645720,P014,Product_14,Electronics,Central,2,5461.36,15.0,Vikas
ORD00273,2026-04-05 09:47:02.645720,P062,Product_62,Electronics,Central,9,2470.75,,Amit
ORD00274,2026-05-22 09:47:02.645720,P091,Product_91,Home,East,10,7387.8,5.0,Vikas
ORD00275,2026-03-28 09:47:02.645720,P056,Product_56,Sports,Central,8,8205.1,0.0,Priya
ORD00276,2026-03-31 09:47:02.645720,P048,Product_48,Electronics,East,20,4180.11,0.0,Anjali
ORD00277,2026-05-30 09:47:02.645720,P001,Product_1,Fashion,East,10,1566.03,10.0,Priya
ORD00278,2026-03-17 09:47:02.645720,P080,Product_80,Home,West,16,9404.0,5.0,Anjali
ORD00279,2026-04-01 09:47:02.645720,P001,Product_1,Fashion,East,2,4163.1,0.0,Rahul
ORD00280,2026-03-18 09:47:02.645720,P018,Product_18,Home,East,7,789.64,15.0,Priya
ORD00281,2026-03-26 09:47:02.645720,P064,Product_64,Sports,East,18,4021.21,,Vikas
ORD00282,2026-05-02 09:47:02.645720,P043,Product_43,Home,North,3,7416.6,,Amit
ORD00283,2026-03-17 09:47:02.645720,P078,Product_78,Fashion,Central,3,6566.87,5.0,Sneha
ORD00284,2026-04-25 09:47:02.645720,P018,Product_18,Home,Central,7,9830.56,10.0,Amit
ORD00285,2026-05-29 09:47:02.645720,P099,Product_99,Home,East,16,8009.59,15.0,Vikas
ORD00286,2026-05-25 09:47:02.645720,P084,Product_84,Sports,East,7,6816.11,15.0,Rahul
ORD00287,2026-04-03 09:47:02.645720,P087,Product_87,Fashion,West,14,711.22,0.0,Amit
ORD00288,2026-04-02 09:47:02.645720,P027,Product_27,Electronics,North,13,1394.84,5.0,Rahul
ORD00289,2026-03-14 09:47:02.645720,P013,Product_13,Home,West,12,2919.43,5.0,Anjali
ORD00290,2026-04-23 09:47:02.645720,P003,Product_3,Home,Central,2,1420.74,10.0,Rahul
ORD00291,2026-04-09 09:47:02.645720,P049,Product_49,Home,East,3,3238.52,5.0,Priya
ORD00292,2026-05-26 09:47:02.645720,P007,Product_7,Home,South,7,4310.48,10.0,Rahul
ORD00293,2026-04-21 09:47:02.645720,P097,Product_97,Home,West,12,3162.91,10.0,Vikas
ORD00294,2026-04-06 09:47:02.645720,P049,Product_49,Home,Central,6,366.93,,Priya
ORD00295,2026-05-26 09:47:02.645720,P057,Product_57,Fashion,South,1,3359.26,,Vikas
ORD00296,2026-03-31 09:47:02.645720,P016,Product_16,Fashion,Central,8,2242.96,0.0,Amit
ORD00297,2026-05-13 09:47:02.645720,P087,Product_87,Fashion,South,13,7660.96,10.0,Rahul
ORD00298,2026-04-24 09:47:02.645720,P054,Product_54,Home,Central,3,9012.24,10.0,Vikas
ORD00299,2026-04-04 09:47:02.645720,P037,Product_37,Fashion,North,13,7157.62,15.0,Anjali
ORD00300,2026-05-20 09:47:02.645720,P064,Product_64,Sports,North,9,4149.36,0.0,Anjali
ORD00301,2026-05-18 09:47:02.645720,P010,Product_10,Sports,North,-2,2120.0,15.0,Rahul
ORD00302,2026-03-26 09:47:02.645720,P099,Product_99,Home,North,17,7024.0,10.0,Anjali
ORD00303,2026-06-09 09:47:02.645720,P072,Product_72,Fashion,North,20,9499.52,,Sneha
ORD00304,2026-05-01 09:47:02.645720,P087,Product_87,Fashion,Central,19,440.96,,Vikas
ORD00305,2026-04-13 09:47:02.645720,P080,Product_80,Home,South,6,6664.51,10.0,Sneha
ORD00306,2026-04-07 09:47:02.645720,P057,Product_57,Fashion,Central,12,7279.61,5.0,Priya
ORD00307,2026-03-16 09:47:02.645720,P047,Product_47,Electronics,West,15,1243.42,5.0,Priya
ORD00308,2026-04-16 09:47:02.645720,P004,Product_4,Electronics,East,5,2132.79,10.0,Vikas
ORD00309,2026-04-26 09:47:02.645720,P014,Product_14,Electronics,Central,11,7123.78,5.0,Amit
ORD00310,2026-05-26 09:47:02.645720,P040,Product_40,Sports,Central,14,5134.91,10.0,Priya
ORD00311,2026-05-10 09:47:02.645720,P081,Product_81,Home,Central,3,7046.42,5.0,Priya
ORD00312,2026-04-25 09:47:02.645720,P093,Product_93,Home,Central,6,9453.65,0.0,Rahul
ORD00313,2026-04-29 09:47:02.645720,P051,Product_51,Home,West,17,7631.01,10.0,Amit
ORD00314,2026-05-07 09:47:02.645720,P087,Product_87,Fashion,South,13,8490.95,,Vikas
ORD00315,2026-04-20 09:47:02.645720,P019,Product_19,Home,Central,11,2873.97,5.0,Sneha
ORD00316,2026-03-22 09:47:02.645720,P003,Product_3,Home,East,12,7218.16,10.0,Anjali
ORD00317,2026-06-05 09:47:02.645720,P008,Product_8,Fashion,West,9,5397.43,,Rahul
ORD00318,2026-03-14 09:47:02.645720,P058,Product_58,Sports,Central,1,3184.47,5.0,Rahul
ORD00319,2026-05-19 09:47:02.645720,P055,Product_55,Fashion,West,6,936.61,15.0,Vikas
ORD00320,2026-03-28 09:47:02.645720,P016,Product_16,Fashion,North,4,8022.66,10.0,Vikas
ORD00321,2026-04-06 09:47:02.645720,P084,Product_84,Sports,South,18,8924.11,10.0,Vikas
ORD00322,2026-05-23 09:47:02.645720,P034,Product_34,Electronics,North,9,8866.36,10.0,Anjali
ORD00323,2026-04-05 09:47:02.645720,P095,Product_95,Home,Central,2,3497.92,10.0,Sneha
ORD00324,2026-05-10 09:47:02.645720,P074,Product_74,Electronics,West,20,1775.94,15.0,Sneha
ORD00325,2026-03-14 09:47:02.645720,P030,Product_30,Fashion,South,20,8175.55,0.0,Sneha
ORD00326,2026-04-11 09:47:02.645720,P009,Product_9,Home,West,3,6788.66,0.0,Vikas
ORD00327,2026-03-27 09:47:02.645720,P009,Product_9,Home,South,9,8241.63,0.0,Rahul
ORD00328,2026-03-28 09:47:02.645720,P044,Product_44,Electronics,South,17,2111.6,15.0,Vikas
ORD00329,2026-05-10 09:47:02.645720,P098,Product_98,Electronics,Central,9,4199.12,15.0,Rahul
ORD00330,2026-04-07 09:47:02.645720,P070,Product_70,Fashion,North,6,4446.05,10.0,Anjali
ORD00331,2026-03-17 09:47:02.645720,P070,Product_70,Fashion,North,19,4890.0,,Priya
ORD00332,2026-06-06 09:47:02.645720,P044,Product_44,Electronics,North,20,8331.66,15.0,Amit
ORD00333,2026-05-06 09:47:02.645720,P046,Product_46,Fashion,North,13,1714.68,,Sneha
ORD00334,2026-03-27 09:47:02.645720,P086,Product_86,Home,West,4,4342.87,,Amit
ORD00335,2026-04-26 09:47:02.645720,P008,Product_8,Fashion,North,13,5241.96,10.0,Sneha
ORD00336,2026-03-17 09:47:02.645720,P031,Product_31,Sports,West,19,9204.35,15.0,Vikas
ORD00337,2026-03-28 09:47:02.645720,P027,Product_27,Electronics,East,8,6442.83,5.0,Rahul
ORD00338,2026-03-16 09:47:02.645720,P082,Product_82,Sports,West,12,4515.14,,Sneha
ORD00339,2026-03-12 09:47:02.645720,P016,Product_16,Fashion,South,3,6466.25,0.0,Vikas
ORD00340,2026-03-30 09:47:02.645720,P042,Product_42,Home,West,7,2552.56,,Priya
ORD00341,2026-04-15 09:47:02.645720,P046,Product_46,Fashion,West,5,9032.44,10.0,Vikas
ORD00342,2026-05-10 09:47:02.645720,P092,Product_92,Electronics,East,4,9501.08,,Amit
ORD00343,2026-05-30 09:47:02.645720,P028,Product_28,Electronics,South,4,296.01,15.0,Amit
ORD00344,2026-05-05 09:47:02.645720,P067,Product_67,Home,North,11,2016.68,,Priya
ORD00345,2026-06-04 09:47:02.645720,P073,Product_73,Electronics,North,11,1365.67,,Rahul
ORD00346,2026-05-14 09:47:02.645720,P093,Product_93,Home,West,17,9895.17,15.0,Sneha
ORD00347,2026-05-10 09:47:02.645720,P069,Product_69,Fashion,South,9,5381.95,0.0,Vikas
ORD00348,2026-03-14 09:47:02.645720,P046,Product_46,Fashion,East,14,7303.74,5.0,Priya
ORD00349,2026-05-25 09:47:02.645720,P072,Product_72,Fashion,West,11,869.21,15.0,Rahul
ORD00350,2026-05-14 09:47:02.645720,P034,Product_34,Electronics,East,1,5181.65,10.0,Priya
ORD00351,2026-03-30 09:47:02.645720,P095,Product_95,Home,East,2,3808.74,15.0,Vikas
ORD00352,2026-05-14 09:47:02.645720,P006,Product_6,Electronics,West,13,1483.35,5.0,Vikas
ORD00353,2026-04-28 09:47:02.645720,P100,Product_100,Home,North,20,2371.75,10.0,Amit
ORD00354,2026-05-24 09:47:02.645720,P052,Product_52,Electronics,North,15,8804.11,,Amit
ORD00355,2026-03-20 09:47:02.645720,P067,Product_67,Home,West,9,7620.3,10.0,Priya
ORD00356,2026-05-18 09:47:02.645720,P073,Product_73,Electronics,North,14,214.08,0.0,Vikas
ORD00357,2026-04-13 09:47:02.645720,P033,Product_33,Home,West,3,4369.63,10.0,Vikas
ORD00358,2026-04-20 09:47:02.645720,P020,Product_20,Sports,Central,11,4868.55,0.0,Amit
ORD00359,2026-04-13 09:47:02.645720,P090,Product_90,Fashion,South,13,3821.67,5.0,Vikas
ORD00360,2026-04-30 09:47:02.645720,P060,Product_60,Fashion,South,11,7649.16,10.0,Rahul
ORD00361,2026-05-25 09:47:02.645720,P066,Product_66,Fashion,South,2,1194.24,15.0,Amit
ORD00362,2026-05-18 09:47:02.645720,P095,Product_95,Home,Central,8,9446.57,15.0,Priya
ORD00363,2026-05-11 09:47:02.645720,P042,Product_42,Home,West,16,7038.25,,Priya
ORD00364,2026-03-30 09:47:02.645720,P030,Product_30,Fashion,West,13,8046.56,15.0,Priya
ORD00365,2026-03-24 09:47:02.645720,P091,Product_91,Home,East,6,3110.15,10.0,Priya
ORD00366,2026-05-01 09:47:02.645720,P054,Product_54,Home,East,17,2021.96,5.0,Priya
ORD00367,2026-04-07 09:47:02.645720,P016,Product_16,Fashion,Central,14,406.7,5.0,Priya
ORD00368,2026-05-27 09:47:02.645720,P058,Product_58,Sports,Central,4,9266.58,5.0,Priya
ORD00369,2026-04-10 09:47:02.645720,P050,Product_50,Fashion,East,16,7446.21,15.0,Vikas
ORD00370,2026-03-14 09:47:02.645720,P090,Product_90,Fashion,East,3,8696.05,15.0,Sneha
ORD00371,2026-04-19 09:47:02.645720,P023,Product_23,Sports,South,19,3984.25,0.0,Priya
ORD00372,2026-03-22 09:47:02.645720,P012,Product_12,Home,South,12,1092.45,,Priya
ORD00373,2026-05-15 09:47:02.645720,P039,Product_39,Electronics,East,4,9211.08,5.0,Sneha
ORD00374,2026-05-05 09:47:02.645720,P010,Product_10,Sports,East,1,699.93,0.0,Vikas
ORD00375,2026-06-08 09:47:02.645720,P074,Product_74,Electronics,North,15,6369.15,0.0,Vikas
ORD00376,2026-04-15 09:47:02.645720,P040,Product_40,Sports,North,10,9958.61,15.0,Sneha
ORD00377,2026-05-15 09:47:02.645720,P093,Product_93,Home,North,15,2114.88,,Amit
ORD00378,2026-05-15 09:47:02.645720,P094,Product_94,Electronics,South,15,4445.04,5.0,Vikas
ORD00379,2026-04-10 09:47:02.645720,P008,Product_8,Fashion,East,3,341.28,5.0,Priya
ORD00380,2026-05-16 09:47:02.645720,P031,Product_31,Sports,Central,11,7590.16,5.0,Sneha
ORD00381,2026-04-22 09:47:02.645720,P069,Product_69,Fashion,East,7,3067.51,,Rahul
ORD00382,2026-03-26 09:47:02.645720,P089,Product_89,Fashion,West,14,4301.26,,Amit
ORD00383,2026-03-25 09:47:02.645720,P003,Product_3,Home,East,4,7498.13,0.0,Vikas
ORD00384,2026-03-20 09:47:02.645720,P071,Product_71,Electronics,Central,17,9399.0,0.0,Vikas
ORD00385,2026-05-24 09:47:02.645720,P035,Product_35,Sports,East,16,2858.02,,Priya
ORD00386,2026-04-13 09:47:02.645720,P032,Product_32,Sports,North,20,2923.6,5.0,Sneha
ORD00387,2026-05-23 09:47:02.645720,P071,Product_71,Electronics,East,6,6866.05,15.0,Amit
ORD00388,2026-05-21 09:47:02.645720,P018,Product_18,Home,Central,6,5820.32,0.0,Vikas
ORD00389,2026-05-02 09:47:02.645720,P029,Product_29,Home,East,8,4102.25,0.0,Priya
ORD00390,2026-04-01 09:47:02.645720,P052,Product_52,Electronics,South,11,4359.03,5.0,Priya
ORD00391,2026-03-21 09:47:02.645720,P040,Product_40,Sports,South,4,7643.81,5.0,Rahul
ORD00392,2026-04-17 09:47:02.645720,P020,Product_20,Sports,West,13,3109.13,10.0,Rahul
ORD00393,2026-05-05 09:47:02.645720,P097,Product_97,Home,West,1,9737.12,5.0,Priya
ORD00394,2026-03-22 09:47:02.645720,P047,Product_47,Electronics,North,12,2355.24,0.0,Amit
ORD00395,2026-04-26 09:47:02.645720,P055,Product_55,Fashion,Central,19,4028.24,15.0,Priya
ORD00396,2026-05-01 09:47:02.645720,P002,Product_2,Electronics,East,7,9780.57,5.0,Anjali
ORD00397,2026-03-18 09:47:02.645720,P026,Product_26,Electronics,Central,11,4410.29,0.0,Sneha
ORD00398,2026-04-25 09:47:02.645720,P077,Product_77,Home,East,11,250.84,15.0,Sneha
ORD00399,2026-03-11 09:47:02.645720,P081,Product_81,Home,East,15,7951.01,10.0,Amit
ORD00400,2026-03-18 09:47:02.645720,P089,Product_89,Fashion,East,17,8400.65,15.0,Sneha
ORD00401,2026-05-26 09:47:02.645720,P009,Product_9,Home,South,6,2436.58,,Vikas
ORD00402,2026-03-17 09:47:02.645720,P060,Product_60,Fashion,Central,14,4924.18,5.0,Amit
ORD00403,2026-05-18 09:47:02.645720,P035,Product_35,Sports,Central,2,8321.65,10.0,Sneha
ORD00404,2026-04-04 09:47:02.645720,P001,Product_1,Fashion,West,18,7984.63,,Sneha
ORD00405,2026-05-10 09:47:02.645720,P056,Product_56,Sports,West,12,4590.21,15.0,Vikas
ORD00406,2026-06-06 09:47:02.645720,P089,Product_89,Fashion,North,16,4996.5,15.0,Amit
ORD00407,2026-05-05 09:47:02.645720,P026,Product_26,Electronics,North,8,5443.89,15.0,Rahul
ORD00408,2026-05-06 09:47:02.645720,P069,Product_69,Fashion,West,18,8237.66,10.0,Amit
ORD00409,2026-06-02 09:47:02.645720,P090,Product_90,Fashion,East,19,1477.8,,Priya
ORD00410,2026-06-03 09:47:02.645720,P048,Product_48,Electronics,West,8,1698.19,10.0,Priya
ORD00411,2026-03-26 09:47:02.645720,P092,Product_92,Electronics,South,11,8328.13,5.0,Vikas
ORD00412,2026-04-05 09:47:02.645720,P067,Product_67,Home,South,3,782.25,10.0,Sneha
ORD00413,2026-03-12 09:47:02.645720,P044,Product_44,Electronics,South,13,7552.79,0.0,Rahul
ORD00414,2026-03-19 09:47:02.645720,P044,Product_44,Electronics,East,10,7836.85,5.0,Sneha
ORD00415,2026-03-26 09:47:02.645720,P025,Product_25,Fashion,East,2,2063.54,5.0,Anjali
ORD00416,2026-03-20 09:47:02.645720,P018,Product_18,Home,East,13,8368.35,15.0,Amit
ORD00417,2026-03-21 09:47:02.645720,P036,Product_36,Fashion,West,16,6322.61,,Sneha
ORD00418,2026-04-05 09:47:02.645720,P085,Product_85,Fashion,South,19,2229.95,5.0,Sneha
ORD00419,2026-06-02 09:47:02.645720,P073,Product_73,Electronics,West,9,8270.39,,Rahul
ORD00420,2026-05-20 09:47:02.645720,P038,Product_38,Fashion,West,17,561.77,5.0,Amit
ORD00421,2026-03-19 09:47:02.645720,P025,Product_25,Fashion,South,9,551.86,0.0,Vikas
ORD00422,2026-05-20 09:47:02.645720,P098,Product_98,Electronics,South,3,284.11,10.0,Vikas
ORD00423,2026-04-28 09:47:02.645720,P095,Product_95,Home,West,16,237.61,10.0,Anjali
ORD00424,2026-04-14 09:47:02.645720,P060,Product_60,Fashion,North,14,8278.74,15.0,Sneha
ORD00425,2026-04-21 09:47:02.645720,P018,Product_18,Home,West,19,4689.42,15.0,Amit
ORD00426,2026-04-02 09:47:02.645720,P010,Product_10,Sports,Central,11,6476.43,10.0,Amit
ORD00427,2026-05-06 09:47:02.645720,P080,Product_80,Home,West,12,2896.86,10.0,Priya
ORD00428,2026-04-01 09:47:02.645720,P041,Product_41,Home,South,-18,9266.73,,Sneha
ORD00429,2026-03-25 09:47:02.645720,P018,Product_18,Home,South,1,4320.3,,Amit
ORD00430,2026-04-19 09:47:02.645720,P056,Product_56,Sports,East,16,3486.31,5.0,Priya
ORD00431,2026-03-22 09:47:02.645720,P056,Product_56,Sports,West,5,3983.48,0.0,Sneha
ORD00432,2026-03-30 09:47:02.645720,P045,Product_45,Sports,North,16,4496.0,0.0,Sneha
ORD00433,2026-04-21 09:47:02.645720,P093,Product_93,Home,North,8,5336.29,0.0,Vikas
ORD00434,2026-05-31 09:47:02.645720,P058,Product_58,Sports,East,12,6318.62,5.0,Sneha
ORD00435,2026-06-01 09:47:02.645720,P026,Product_26,Electronics,East,11,3761.44,10.0,Sneha
ORD00436,2026-03-26 09:47:02.645720,P006,Product_6,Electronics,West,8,7073.59,5.0,Priya
ORD00437,2026-06-07 09:47:02.645720,P098,Product_98,Electronics,East,1,2837.54,0.0,Anjali
ORD00438,2026-06-07 09:47:02.645720,P086,Product_86,Home,South,2,9777.47,0.0,Anjali
ORD00439,2026-04-02 09:47:02.645720,P021,Product_21,Home,Central,3,7539.8,5.0,Rahul
ORD00440,2026-03-18 09:47:02.645720,P037,Product_37,Fashion,West,19,2519.8,5.0,Sneha
ORD00441,2026-03-21 09:47:02.645720,P019,Product_19,Home,North,15,2576.38,5.0,Sneha
ORD00442,2026-05-11 09:47:02.645720,P081,Product_81,Home,South,11,2177.56,,Anjali
ORD00443,2026-04-22 09:47:02.645720,P085,Product_85,Fashion,Central,9,3864.38,0.0,Amit
ORD00444,2026-05-15 09:47:02.645720,P086,Product_86,Home,Central,20,4961.14,5.0,Sneha
ORD00445,2026-03-11 09:47:02.645720,P092,Product_92,Electronics,North,5,1931.66,0.0,Sneha
ORD00446,2026-04-01 09:47:02.645720,P007,Product_7,Home,North,6,5334.79,0.0,Anjali
ORD00447,2026-05-05 09:47:02.645720,P045,Product_45,Sports,West,12,6962.2,5.0,Vikas
ORD00448,2026-06-01 09:47:02.645720,P043,Product_43,Home,North,19,1324.92,5.0,Rahul
ORD00449,2026-03-30 09:47:02.645720,P076,Product_76,Electronics,South,6,1760.28,10.0,Anjali
ORD00450,2026-05-14 09:47:02.645720,P042,Product_42,Home,East,16,9067.41,,Priya
ORD00451,2026-04-22 09:47:02.645720,P070,Product_70,Fashion,North,3,6098.1,0.0,Anjali
ORD00452,2026-05-25 09:47:02.645720,P075,Product_75,Electronics,South,11,3820.71,0.0,Anjali
ORD00453,2026-04-05 09:47:02.645720,P081,Product_81,Home,North,6,8903.3,5.0,Anjali
ORD00454,2026-05-19 09:47:02.645720,P012,Product_12,Home,West,18,7768.23,,Sneha
ORD00455,2026-05-02 09:47:02.645720,P074,Product_74,Electronics,East,14,6529.23,,Vikas
ORD00456,2026-04-06 09:47:02.645720,P053,Product_53,Sports,Central,8,5963.92,15.0,Rahul
ORD00457,2026-05-07 09:47:02.645720,P037,Product_37,Fashion,East,11,1527.35,,Priya
ORD00458,2026-04-04 09:47:02.645720,P017,Product_17,Sports,East,20,5165.16,,Anjali
ORD00459,2026-04-22 09:47:02.645720,P092,Product_92,Electronics,East,16,2857.37,5.0,Priya
ORD00460,2026-03-19 09:47:02.645720,P074,Product_74,Electronics,West,9,8161.38,15.0,Amit
ORD00461,2026-03-30 09:47:02.645720,P056,Product_56,Sports,North,19,3767.25,15.0,Amit
ORD00462,2026-05-13 09:47:02.645720,P082,Product_82,Sports,East,7,9992.37,10.0,Priya
ORD00463,2026-04-10 09:47:02.645720,P001,Product_1,Fashion,North,17,4021.35,5.0,Anjali
ORD00464,2026-05-25 09:47:02.645720,P031,Product_31,Sports,South,16,1012.74,,Amit
ORD00465,2026-04-29 09:47:02.645720,P033,Product_33,Home,Central,4,4530.76,10.0,Amit
ORD00466,2026-05-21 09:47:02.645720,P048,Product_48,Electronics,North,18,8239.45,,Vikas
ORD00467,2026-04-08 09:47:02.645720,P074,Product_74,Electronics,Central,17,9067.23,10.0,Anjali
ORD00468,2026-05-27 09:47:02.645720,P085,Product_85,Fashion,Central,12,2567.59,0.0,Amit
ORD00469,2026-04-12 09:47:02.645720,P097,Product_97,Home,North,14,3271.15,15.0,Vikas
ORD00470,2026-05-21 09:47:02.645720,P001,Product_1,Fashion,West,10,5334.62,5.0,Priya
ORD00471,2026-04-05 09:47:02.645720,P097,Product_97,Home,North,15,2897.08,15.0,Priya
ORD00472,2026-04-26 09:47:02.645720,P043,Product_43,Home,South,8,6549.49,5.0,Sneha
ORD00473,2026-04-04 09:47:02.645720,P007,Product_7,Home,East,18,6996.57,5.0,Vikas
ORD00474,2026-04-25 09:47:02.645720,P079,Product_79,Electronics,Central,4,3016.84,0.0,Priya
ORD00475,2026-05-10 09:47:02.645720,P097,Product_97,Home,Central,8,3216.83,15.0,Sneha
ORD00476,2026-04-21 09:47:02.645720,P063,Product_63,Electronics,East,1,2261.24,10.0,Anjali
ORD00477,2026-05-24 09:47:02.645720,P079,Product_79,Electronics,West,7,2054.74,15.0,Vikas
ORD00478,2026-05-16 09:47:02.645720,P066,Product_66,Fashion,South,8,2995.03,5.0,Sneha
ORD00479,2026-05-29 09:47:02.645720,P090,Product_90,Fashion,Central,19,3037.81,15.0,Amit
ORD00480,2026-05-15 09:47:02.645720,P035,Product_35,Sports,Central,15,4912.25,5.0,Vikas
ORD00481,2026-04-24 09:47:02.645720,P062,Product_62,Electronics,Central,15,4956.01,,Vikas
ORD00482,2026-04-29 09:47:02.645720,P012,Product_12,Home,East,18,6101.13,5.0,Sneha
ORD00483,2026-05-22 09:47:02.645720,P018,Product_18,Home,South,16,9658.72,0.0,Priya
ORD00484,2026-03-17 09:47:02.645720,P068,Product_68,Electronics,West,16,1839.37,,Rahul
ORD00485,2026-04-25 09:47:02.645720,P060,Product_60,Fashion,South,8,1572.82,15.0,Anjali
ORD00486,2026-03-27 09:47:02.645720,P064,Product_64,Sports,East,20,4616.79,10.0,Anjali
ORD00487,2026-05-11 09:47:02.645720,P021,Product_21,Home,South,17,9895.41,,Anjali
ORD00488,2026-04-13 09:47:02.645720,P012,Product_12,Home,Central,10,7845.77,10.0,Anjali
ORD00489,2026-05-08 09:47:02.645720,P045,Product_45,Sports,Central,7,9379.29,15.0,Vikas
ORD00490,2026-04-15 09:47:02.645720,P097,Product_97,Home,West,16,4161.52,,Sneha
ORD00491,2026-04-01 09:47:02.645720,P059,Product_59,Sports,Central,20,8898.85,15.0,Anjali
ORD00492,2026-04-17 09:47:02.645720,P010,Product_10,Sports,Central,20,1597.43,5.0,Amit
ORD00493,2026-04-04 09:47:02.645720,P037,Product_37,Fashion,South,4,1595.51,15.0,Anjali
ORD00494,2026-05-12 09:47:02.645720,P012,Product_12,Home,Central,13,1495.11,10.0,Priya
ORD00495,2026-04-17 09:47:02.645720,P057,Product_57,Fashion,East,15,5752.87,,Vikas
ORD00496,2026-04-17 09:47:02.645720,P095,Product_95,Home,West,12,4944.02,10.0,Sneha
ORD00497,2026-05-03 09:47:02.645720,P071,Product_71,Electronics,West,9,256.53,15.0,Priya
ORD00498,2026-05-16 09:47:02.645720,P042,Product_42,Home,North,14,8817.66,,Vikas
ORD00499,2026-05-26 09:47:02.645720,P090,Product_90,Fashion,West,7,2051.32,15.0,Amit
ORD00500,2026-04-14 09:47:02.645720,P021,Product_21,Home,South,20,7450.93,0.0,Vikas
ORD00501,2026-04-01 09:47:02.645720,P093,Product_93,Home,South,4,7533.95,,Amit
ORD00502,2026-04-03 09:47:02.645720,P055,Product_55,Fashion,East,5,1061.48,,Sneha
ORD00503,2026-05-19 09:47:02.645720,P055,Product_55,Fashion,East,5,5583.65,15.0,Sneha
ORD00504,2026-04-09 09:47:02.645720,P002,Product_2,Electronics,East,4,7945.48,0.0,Rahul
ORD00505,2026-03-26 09:47:02.645720,P032,Product_32,Sports,South,19,4557.02,10.0,Vikas
ORD00506,2026-05-31 09:47:02.645720,P002,Product_2,Electronics,East,9,212.87,10.0,Amit
ORD00507,2026-05-07 09:47:02.645720,P067,Product_67,Home,South,8,9099.91,5.0,Rahul
ORD00508,2026-05-26 09:47:02.645720,P014,Product_14,Electronics,Central,20,3429.76,5.0,Anjali
ORD00509,2026-03-19 09:47:02.645720,P070,Product_70,Fashion,West,4,3696.49,0.0,Anjali
ORD00510,2026-03-23 09:47:02.645720,P053,Product_53,Sports,Central,3,1403.61,,Vikas
ORD00511,2026-03-23 09:47:02.645720,P061,Product_61,Sports,North,15,9952.32,15.0,Rahul
ORD00512,2026-03-14 09:47:02.645720,P073,Product_73,Electronics,Central,6,8635.19,,Sneha
ORD00513,2026-03-26 09:47:02.645720,P030,Product_30,Fashion,West,4,6288.64,15.0,Rahul
ORD00514,2026-04-20 09:47:02.645720,P050,Product_50,Fashion,North,15,3877.12,0.0,Sneha
ORD00515,2026-03-28 09:47:02.645720,P075,Product_75,Electronics,North,11,5546.16,,Rahul
ORD00516,2026-04-03 09:47:02.645720,P080,Product_80,Home,South,2,8207.82,5.0,Sneha
ORD00517,2026-05-24 09:47:02.645720,P042,Product_42,Home,Central,19,6733.64,0.0,Amit
ORD00518,2026-04-23 09:47:02.645720,P056,Product_56,Sports,South,15,6007.73,,Amit
ORD00519,2026-05-01 09:47:02.645720,P016,Product_16,Fashion,Central,20,5988.41,5.0,Sneha
ORD00520,2026-05-25 09:47:02.645720,P092,Product_92,Electronics,West,15,3205.71,15.0,Vikas
ORD00521,2026-03-20 09:47:02.645720,P055,Product_55,Fashion,South,12,7537.33,0.0,Rahul
ORD00522,2026-05-20 09:47:02.645720,P059,Product_59,Sports,West,2,1304.87,0.0,Priya
ORD00523,2026-06-08 09:47:02.645720,P017,Product_17,Sports,South,7,6816.61,15.0,Rahul
ORD00524,2026-04-13 09:47:02.645720,P046,Product_46,Fashion,West,17,4016.92,10.0,Vikas
ORD00525,2026-05-24 09:47:02.645720,P083,Product_83,Electronics,Central,2,4826.91,,Rahul
ORD00526,2026-04-01 09:47:02.645720,P095,Product_95,Home,Central,7,8597.16,15.0,Sneha
ORD00527,2026-05-07 09:47:02.645720,P016,Product_16,Fashion,North,10,6891.57,,Sneha
ORD00528,2026-04-19 09:47:02.645720,P080,Product_80,Home,West,-16,2063.07,5.0,Sneha
ORD00529,2026-04-26 09:47:02.645720,P047,Product_47,Electronics,Central,1,3550.35,0.0,Sneha
ORD00530,2026-05-28 09:47:02.645720,P023,Product_23,Sports,West,-11,2872.71,,Anjali
ORD00531,2026-06-08 09:47:02.645720,P002,Product_2,Electronics,West,6,1824.42,15.0,Vikas
ORD00532,2026-04-03 09:47:02.645720,P069,Product_69,Fashion,South,8,1484.33,,Anjali
ORD00533,2026-03-17 09:47:02.645720,P065,Product_65,Electronics,West,13,8870.72,5.0,Anjali
ORD00534,2026-05-15 09:47:02.645720,P057,Product_57,Fashion,East,6,3175.5,15.0,Vikas
ORD00535,2026-06-02 09:47:02.645720,P086,Product_86,Home,Central,20,3523.53,0.0,Vikas
ORD00536,2026-06-05 09:47:02.645720,P050,Product_50,Fashion,Central,13,8548.09,10.0,Sneha
ORD00537,2026-03-17 09:47:02.645720,P080,Product_80,Home,South,17,9449.7,15.0,Sneha
ORD00538,2026-04-25 09:47:02.645720,P079,Product_79,Electronics,West,4,1412.66,0.0,Vikas
ORD00539,2026-03-22 09:47:02.645720,P001,Product_1,Fashion,Central,9,4415.89,,Vikas
ORD00540,2026-05-02 09:47:02.645720,P030,Product_30,Fashion,North,3,7925.13,10.0,Amit
ORD00541,2026-04-29 09:47:02.645720,P033,Product_33,Home,Central,8,9920.27,0.0,Sneha
ORD00542,2026-04-07 09:47:02.645720,P014,Product_14,Electronics,North,5,7665.05,15.0,Vikas
ORD00543,2026-03-25 09:47:02.645720,P039,Product_39,Electronics,South,7,8535.91,5.0,Priya
ORD00544,2026-04-19 09:47:02.645720,P027,Product_27,Electronics,West,11,3143.17,0.0,Vikas
ORD00545,2026-03-21 09:47:02.645720,P008,Product_8,Fashion,East,5,7211.89,5.0,Anjali
ORD00546,2026-05-12 09:47:02.645720,P077,Product_77,Home,Central,9,1498.12,0.0,Sneha
ORD00547,2026-03-26 09:47:02.645720,P044,Product_44,Electronics,North,20,2259.4,10.0,Vikas
ORD00548,2026-05-25 09:47:02.645720,P022,Product_22,Fashion,Central,18,8983.52,,Amit
ORD00549,2026-05-18 09:47:02.645720,P050,Product_50,Fashion,East,1,4557.6,10.0,Rahul
ORD00550,2026-03-20 09:47:02.645720,P068,Product_68,Electronics,West,20,1166.08,0.0,Rahul
ORD00551,2026-04-24 09:47:02.645720,P006,Product_6,Electronics,South,4,9898.51,5.0,Amit
ORD00552,2026-04-10 09:47:02.645720,P018,Product_18,Home,East,17,8234.37,,Vikas
ORD00553,2026-04-29 09:47:02.645720,P065,Product_65,Electronics,Central,1,222.21,,Priya
ORD00554,2026-04-29 09:47:02.645720,P086,Product_86,Home,Central,5,9936.71,,Priya
ORD00555,2026-04-19 09:47:02.645720,P018,Product_18,Home,South,9,4743.23,10.0,Vikas
ORD00556,2026-04-13 09:47:02.645720,P099,Product_99,Home,Central,6,8705.62,,Amit
ORD00557,2026-05-24 09:47:02.645720,P017,Product_17,Sports,Central,19,461.8,,Sneha
ORD00558,2026-05-16 09:47:02.645720,P086,Product_86,Home,South,20,8361.13,10.0,Anjali
ORD00559,2026-05-25 09:47:02.645720,P025,Product_25,Fashion,South,-13,6947.0,,Vikas
ORD00560,2026-06-02 09:47:02.645720,P066,Product_66,Fashion,East,18,7668.0,10.0,Anjali
ORD00561,2026-03-27 09:47:02.645720,P061,Product_61,Sports,West,12,9580.13,,Vikas
ORD00562,2026-04-12 09:47:02.645720,P021,Product_21,Home,North,10,9471.12,5.0,Rahul
ORD00563,2026-03-19 09:47:02.645720,P062,Product_62,Electronics,East,10,8436.21,0.0,Anjali
ORD00564,2026-04-24 09:47:02.645720,P015,Product_15,Fashion,North,15,7404.14,10.0,Amit
ORD00565,2026-04-21 09:47:02.645720,P048,Product_48,Electronics,South,11,201.65,15.0,Anjali
ORD00566,2026-04-19 09:47:02.645720,P072,Product_72,Fashion,South,12,2874.43,5.0,Vikas
ORD00567,2026-05-30 09:47:02.645720,P049,Product_49,Home,South,13,7567.37,10.0,Anjali
ORD00568,2026-05-06 09:47:02.645720,P026,Product_26,Electronics,West,12,6809.75,10.0,Rahul
ORD00569,2026-03-28 09:47:02.645720,P084,Product_84,Sports,North,10,5959.05,15.0,Amit
ORD00570,2026-04-01 09:47:02.645720,P070,Product_70,Fashion,Central,9,2616.46,10.0,Amit
ORD00571,2026-05-18 09:47:02.645720,P063,Product_63,Electronics,West,13,4300.26,,Anjali
ORD00572,2026-04-24 09:47:02.645720,P070,Product_70,Fashion,East,8,6105.41,0.0,Vikas
ORD00573,2026-03-27 09:47:02.645720,P082,Product_82,Sports,South,19,6318.27,,Rahul
ORD00574,2026-04-07 09:47:02.645720,P051,Product_51,Home,South,8,9333.97,5.0,Amit
ORD00575,2026-06-08 09:47:02.645720,P024,Product_24,Sports,East,18,4051.27,,Vikas
ORD00576,2026-05-18 09:47:02.645720,P098,Product_98,Electronics,South,8,9078.79,0.0,Amit
ORD00577,2026-05-14 09:47:02.645720,P092,Product_92,Electronics,West,17,9077.37,,Amit
ORD00578,2026-05-09 09:47:02.645720,P022,Product_22,Fashion,Central,8,9323.14,5.0,Amit
ORD00579,2026-03-21 09:47:02.645720,P006,Product_6,Electronics,East,9,7719.54,5.0,Rahul
ORD00580,2026-05-14 09:47:02.645720,P096,Product_96,Home,South,15,7820.52,0.0,Anjali
ORD00581,2026-03-14 09:47:02.645720,P040,Product_40,Sports,West,9,4622.97,5.0,Anjali
ORD00582,2026-04-22 09:47:02.645720,P064,Product_64,Sports,Central,1,4024.5,10.0,Anjali
ORD00583,2026-05-01 09:47:02.645720,P074,Product_74,Electronics,South,17,238.03,5.0,Priya
ORD00584,2026-05-24 09:47:02.645720,P060,Product_60,Fashion,North,7,5248.95,10.0,Anjali
ORD00585,2026-04-10 09:47:02.645720,P017,Product_17,Sports,North,16,9021.76,,Anjali
ORD00586,2026-03-18 09:47:02.645720,P100,Product_100,Home,East,20,7404.69,0.0,Rahul
ORD00587,2026-06-05 09:47:02.645720,P096,Product_96,Home,Central,15,5450.73,10.0,Amit
ORD00588,2026-04-28 09:47:02.645720,P032,Product_32,Sports,Central,-12,767.18,5.0,Anjali
ORD00589,2026-05-02 09:47:02.645720,P096,Product_96,Home,South,16,5580.6,15.0,Rahul
ORD00590,2026-04-18 09:47:02.645720,P037,Product_37,Fashion,West,9,2882.3,15.0,Anjali
ORD00591,2026-03-23 09:47:02.645720,P002,Product_2,Electronics,West,7,4143.86,0.0,Vikas
ORD00592,2026-05-03 09:47:02.645720,P093,Product_93,Home,North,1,8479.37,,Priya
ORD00593,2026-03-13 09:47:02.645720,P055,Product_55,Fashion,South,7,4683.75,,Vikas
ORD00594,2026-04-07 09:47:02.645720,P042,Product_42,Home,North,18,8297.72,10.0,Rahul
ORD00595,2026-05-16 09:47:02.645720,P061,Product_61,Sports,North,15,8724.6,5.0,Amit
ORD00596,2026-05-19 09:47:02.645720,P098,Product_98,Electronics,West,14,9231.47,15.0,Priya
ORD00597,2026-06-07 09:47:02.645720,P076,Product_76,Electronics,North,11,9548.89,0.0,Vikas
ORD00598,2026-03-20 09:47:02.645720,P072,Product_72,Fashion,West,-13,2738.62,0.0,Priya
ORD00599,2026-05-02 09:47:02.645720,P013,Product_13,Home,North,12,2070.23,5.0,Priya
ORD00600,2026-04-19 09:47:02.645720,P057,Product_57,Fashion,South,2,5435.39,10.0,Vikas
ORD00601,2026-04-11 09:47:02.645720,P096,Product_96,Home,East,15,775.47,5.0,Amit
ORD00602,2026-06-06 09:47:02.645720,P097,Product_97,Home,North,13,7325.26,,Priya
ORD00603,2026-04-27 09:47:02.645720,P071,Product_71,Electronics,Central,1,6462.76,5.0,Vikas
ORD00604,2026-06-02 09:47:02.645720,P071,Product_71,Electronics,South,2,7434.46,,Vikas
ORD00605,2026-04-27 09:47:02.645720,P034,Product_34,Electronics,East,12,5631.29,,Amit
ORD00606,2026-05-15 09:47:02.645720,P018,Product_18,Home,South,9,4768.95,10.0,Amit
ORD00607,2026-04-09 09:47:02.645720,P082,Product_82,Sports,North,13,7673.86,5.0,Anjali
ORD00608,2026-03-18 09:47:02.645720,P026,Product_26,Electronics,Central,11,1361.97,0.0,Sneha
ORD00609,2026-03-19 09:47:02.645720,P004,Product_4,Electronics,North,12,9316.42,15.0,Priya
ORD00610,2026-06-08 09:47:02.645720,P024,Product_24,Sports,North,17,5641.18,,Priya
ORD00611,2026-03-22 09:47:02.645720,P020,Product_20,Sports,East,2,8733.28,5.0,Amit
ORD00612,2026-03-12 09:47:02.645720,P015,Product_15,Fashion,Central,15,9601.91,15.0,Vikas
ORD00613,2026-05-07 09:47:02.645720,P074,Product_74,Electronics,North,12,7685.8,15.0,Vikas
ORD00614,2026-03-23 09:47:02.645720,P077,Product_77,Home,West,8,7471.39,,Rahul
ORD00615,2026-05-21 09:47:02.645720,P069,Product_69,Fashion,East,2,1884.41,5.0,Priya
ORD00616,2026-04-27 09:47:02.645720,P011,Product_11,Electronics,South,15,8682.56,10.0,Sneha
ORD00617,2026-04-05 09:47:02.645720,P013,Product_13,Home,North,12,2865.43,10.0,Priya
ORD00618,2026-05-01 09:47:02.645720,P031,Product_31,Sports,East,14,3503.71,5.0,Rahul
ORD00619,2026-04-12 09:47:02.645720,P051,Product_51,Home,South,18,8047.31,15.0,Priya
ORD00620,2026-03-30 09:47:02.645720,P017,Product_17,Sports,East,11,2228.44,10.0,Vikas
ORD00621,2026-03-26 09:47:02.645720,P019,Product_19,Home,East,7,4806.96,0.0,Vikas
ORD00622,2026-05-21 09:47:02.645720,P043,Product_43,Home,North,15,8403.38,15.0,Sneha
ORD00623,2026-04-19 09:47:02.645720,P031,Product_31,Sports,North,8,8337.05,,Sneha
ORD00624,2026-05-27 09:47:02.645720,P028,Product_28,Electronics,East,11,7990.27,10.0,Vikas
ORD00625,2026-04-22 09:47:02.645720,P037,Product_37,Fashion,North,12,6052.34,10.0,Amit
ORD00626,2026-04-17 09:47:02.645720,P035,Product_35,Sports,West,20,6747.74,15.0,Rahul
ORD00627,2026-04-19 09:47:02.645720,P047,Product_47,Electronics,South,1,9745.72,5.0,Sneha
ORD00628,2026-04-14 09:47:02.645720,P098,Product_98,Electronics,North,20,7872.43,,Vikas
ORD00629,2026-05-24 09:47:02.645720,P078,Product_78,Fashion,West,9,3587.4,10.0,Anjali
ORD00630,2026-04-04 09:47:02.645720,P007,Product_7,Home,Central,14,7226.31,,Vikas
ORD00631,2026-03-16 09:47:02.645720,P096,Product_96,Home,East,6,4774.84,0.0,Amit
ORD00632,2026-03-14 09:47:02.645720,P037,Product_37,Fashion,Central,2,810.84,0.0,Priya
ORD00633,2026-05-22 09:47:02.645720,P064,Product_64,Sports,Central,8,4010.86,0.0,Anjali
ORD00634,2026-04-09 09:47:02.645720,P046,Product_46,Fashion,South,-15,3536.58,15.0,Vikas
ORD00635,2026-05-24 09:47:02.645720,P021,Product_21,Home,West,12,7644.08,,Anjali
ORD00636,2026-04-03 09:47:02.645720,P073,Product_73,Electronics,North,8,8082.94,5.0,Vikas
ORD00637,2026-04-05 09:47:02.645720,P050,Product_50,Fashion,West,11,5111.56,5.0,Anjali
ORD00638,2026-05-31 09:47:02.645720,P017,Product_17,Sports,North,16,8717.94,,Vikas
ORD00639,2026-03-12 09:47:02.645720,P028,Product_28,Electronics,East,14,7580.35,0.0,Sneha
ORD00640,2026-05-11 09:47:02.645720,P045,Product_45,Sports,South,17,9618.51,,Anjali
ORD00641,2026-04-21 09:47:02.645720,P095,Product_95,Home,West,7,4584.36,15.0,Sneha
ORD00642,2026-05-21 09:47:02.645720,P045,Product_45,Sports,West,6,9195.99,,Sneha
ORD00643,2026-04-26 09:47:02.645720,P092,Product_92,Electronics,East,5,5484.13,15.0,Amit
ORD00644,2026-05-15 09:47:02.645720,P076,Product_76,Electronics,East,1,3285.49,15.0,Amit
ORD00645,2026-04-26 09:47:02.645720,P089,Product_89,Fashion,Central,6,5676.18,5.0,Sneha
ORD00646,2026-03-17 09:47:02.645720,P020,Product_20,Sports,West,9,7421.08,5.0,Amit
ORD00647,2026-05-20 09:47:02.645720,P009,Product_9,Home,West,5,8773.49,5.0,Anjali
ORD00648,2026-04-07 09:47:02.645720,P032,Product_32,Sports,East,10,9858.1,15.0,Priya
ORD00649,2026-05-17 09:47:02.645720,P064,Product_64,Sports,North,10,9188.47,0.0,Sneha
ORD00650,2026-05-24 09:47:02.645720,P060,Product_60,Fashion,West,17,8963.6,5.0,Priya
ORD00651,2026-03-27 09:47:02.645720,P100,Product_100,Home,West,20,2335.98,10.0,Rahul
ORD00652,2026-03-27 09:47:02.645720,P097,Product_97,Home,Central,18,9928.48,10.0,Priya
ORD00653,2026-05-07 09:47:02.645720,P044,Product_44,Electronics,East,16,5811.54,5.0,Vikas
ORD00654,2026-04-14 09:47:02.645720,P043,Product_43,Home,South,18,1436.73,0.0,Anjali
ORD00655,2026-05-31 09:47:02.645720,P062,Product_62,Electronics,North,11,5151.53,,Rahul
ORD00656,2026-04-19 09:47:02.645720,P037,Product_37,Fashion,North,18,2956.35,5.0,Sneha
ORD00657,2026-04-03 09:47:02.645720,P071,Product_71,Electronics,North,17,9455.36,0.0,Anjali
ORD00658,2026-04-07 09:47:02.645720,P089,Product_89,Fashion,North,3,9157.21,15.0,Sneha
ORD00659,2026-05-28 09:47:02.645720,P009,Product_9,Home,East,18,1733.35,,Amit
ORD00660,2026-04-09 09:47:02.645720,P004,Product_4,Electronics,East,16,5509.38,0.0,Sneha
ORD00661,2026-04-30 09:47:02.645720,P046,Product_46,Fashion,Central,-11,7865.79,,Amit
ORD00662,2026-03-23 09:47:02.645720,P001,Product_1,Fashion,North,18,7273.25,15.0,Priya
ORD00663,2026-05-30 09:47:02.645720,P018,Product_18,Home,South,8,1206.12,15.0,Vikas
ORD00664,2026-04-14 09:47:02.645720,P022,Product_22,Fashion,West,17,6067.96,10.0,Amit
ORD00665,2026-04-14 09:47:02.645720,P039,Product_39,Electronics,Central,9,6303.86,0.0,Priya
ORD00666,2026-04-26 09:47:02.645720,P099,Product_99,Home,South,1,1630.33,,Anjali
ORD00667,2026-04-23 09:47:02.645720,P020,Product_20,Sports,Central,6,778.23,15.0,Vikas
ORD00668,2026-04-13 09:47:02.645720,P090,Product_90,Fashion,South,-19,6282.59,0.0,Anjali
ORD00669,2026-03-29 09:47:02.645720,P047,Product_47,Electronics,South,8,3304.99,15.0,Sneha
ORD00670,2026-05-18 09:47:02.645720,P085,Product_85,Fashion,Central,13,4248.23,,Priya
ORD00671,2026-04-10 09:47:02.645720,P083,Product_83,Electronics,West,13,584.76,15.0,Priya
ORD00672,2026-03-13 09:47:02.645720,P042,Product_42,Home,South,5,377.69,15.0,Amit
ORD00673,2026-04-26 09:47:02.645720,P003,Product_3,Home,East,15,4747.82,,Sneha
ORD00674,2026-05-27 09:47:02.645720,P002,Product_2,Electronics,North,1,6526.07,5.0,Rahul
ORD00675,2026-05-03 09:47:02.645720,P063,Product_63,Electronics,West,17,5489.17,0.0,Sneha
ORD00676,2026-03-31 09:47:02.645720,P086,Product_86,Home,Central,13,7855.92,5.0,Priya
ORD00677,2026-05-09 09:47:02.645720,P035,Product_35,Sports,North,5,3742.79,0.0,Amit
ORD00678,2026-05-16 09:47:02.645720,P018,Product_18,Home,Central,8,1706.81,0.0,Anjali
ORD00679,2026-05-04 09:47:02.645720,P031,Product_31,Sports,West,11,3222.45,0.0,Priya
ORD00680,2026-05-18 09:47:02.645720,P072,Product_72,Fashion,Central,14,7702.93,5.0,Sneha
ORD00681,2026-05-19 09:47:02.645720,P053,Product_53,Sports,South,-6,3367.49,5.0,Rahul
ORD00682,2026-05-07 09:47:02.645720,P067,Product_67,Home,West,20,3370.25,5.0,Anjali
ORD00683,2026-04-14 09:47:02.645720,P035,Product_35,Sports,North,8,1673.34,15.0,Rahul
ORD00684,2026-05-08 09:47:02.645720,P018,Product_18,Home,Central,1,6101.16,5.0,Rahul
ORD00685,2026-03-12 09:47:02.645720,P071,Product_71,Electronics,South,12,609.21,15.0,Priya
ORD00686,2026-03-31 09:47:02.645720,P063,Product_63,Electronics,South,18,6527.73,,Anjali
ORD00687,2026-06-05 09:47:02.645720,P009,Product_9,Home,North,4,2314.41,10.0,Priya
ORD00688,2026-05-05 09:47:02.645720,P071,Product_71,Electronics,North,6,4410.14,,Vikas
ORD00689,2026-05-24 09:47:02.645720,P083,Product_83,Electronics,South,5,1650.0,15.0,Sneha
ORD00690,2026-05-28 09:47:02.645720,P079,Product_79,Electronics,South,4,4874.18,5.0,Anjali
ORD00691,2026-06-01 09:47:02.645720,P009,Product_9,Home,Central,6,7071.13,15.0,Anjali
ORD00692,2026-04-05 09:47:02.645720,P042,Product_42,Home,North,8,9212.44,10.0,Vikas
ORD00693,2026-03-28 09:47:02.645720,P089,Product_89,Fashion,Central,9,7714.91,,Priya
ORD00694,2026-06-04 09:47:02.645720,P033,Product_33,Home,East,13,8556.63,,Sneha
ORD00695,2026-04-09 09:47:02.645720,P039,Product_39,Electronics,Central,6,4896.49,15.0,Sneha
ORD00696,2026-04-20 09:47:02.645720,P065,Product_65,Electronics,South,10,1670.23,5.0,Priya
ORD00697,2026-03-19 09:47:02.645720,P026,Product_26,Electronics,North,3,5505.14,10.0,Priya
ORD00698,2026-05-15 09:47:02.645720,P050,Product_50,Fashion,North,9,9932.45,5.0,Sneha
ORD00699,2026-05-30 09:47:02.645720,P025,Product_25,Fashion,West,5,9755.46,0.0,Amit
ORD00700,2026-05-07 09:47:02.645720,P042,Product_42,Home,South,16,6421.16,5.0,Amit
ORD00701,2026-06-05 09:47:02.645720,P003,Product_3,Home,Central,15,2503.68,,Rahul
ORD00702,2026-03-13 09:47:02.645720,P075,Product_75,Electronics,South,19,1055.96,,Rahul
ORD00703,2026-04-08 09:47:02.645720,P046,Product_46,Fashion,Central,1,6350.36,,Rahul
ORD00704,2026-04-07 09:47:02.645720,P015,Product_15,Fashion,Central,18,752.35,10.0,Rahul
ORD00705,2026-04-04 09:47:02.645720,P014,Product_14,Electronics,Central,1,3036.17,0.0,Vikas
ORD00706,2026-04-07 09:47:02.645720,P083,Product_83,Electronics,West,20,9485.61,10.0,Anjali
ORD00707,2026-03-13 09:47:02.645720,P025,Product_25,Fashion,North,14,5593.33,0.0,Anjali
ORD00708,2026-05-14 09:47:02.645720,P016,Product_16,Fashion,Central,3,7105.65,15.0,Priya
ORD00709,2026-05-18 09:47:02.645720,P010,Product_10,Sports,East,8,5088.39,15.0,Sneha
ORD00710,2026-04-20 09:47:02.645720,P011,Product_11,Electronics,Central,13,1909.3,15.0,Rahul
ORD00711,2026-05-12 09:47:02.645720,P081,Product_81,Home,West,13,1915.2,,Rahul
ORD00712,2026-03-20 09:47:02.645720,P043,Product_43,Home,South,3,5545.1,15.0,Amit
ORD00713,2026-05-11 09:47:02.645720,P071,Product_71,Electronics,South,1,1051.14,5.0,Priya
ORD00714,2026-03-17 09:47:02.645720,P051,Product_51,Home,East,14,9520.33,5.0,Amit
ORD00715,2026-04-27 09:47:02.645720,P038,Product_38,Fashion,South,-9,8031.82,15.0,Rahul
ORD00716,2026-05-22 09:47:02.645720,P099,Product_99,Home,Central,9,3064.82,,Rahul
ORD00717,2026-04-15 09:47:02.645720,P050,Product_50,Fashion,Central,20,5998.76,10.0,Anjali
ORD00718,2026-06-03 09:47:02.645720,P006,Product_6,Electronics,Central,13,5777.59,,Rahul
ORD00719,2026-05-04 09:47:02.645720,P078,Product_78,Fashion,South,14,5453.18,10.0,Priya
ORD00720,2026-05-06 09:47:02.645720,P081,Product_81,Home,Central,2,849.27,,Vikas
ORD00721,2026-06-01 09:47:02.645720,P094,Product_94,Electronics,East,19,2441.56,15.0,Rahul
ORD00722,2026-04-17 09:47:02.645720,P058,Product_58,Sports,South,11,3987.11,15.0,Amit
ORD00723,2026-05-10 09:47:02.645720,P072,Product_72,Fashion,South,8,6118.94,15.0,Sneha
ORD00724,2026-05-09 09:47:02.645720,P006,Product_6,Electronics,East,13,4560.39,0.0,Priya
ORD00725,2026-04-24 09:47:02.645720,P050,Product_50,Fashion,East,15,6244.43,0.0,Priya
ORD00726,2026-04-08 09:47:02.645720,P094,Product_94,Electronics,North,5,3512.89,0.0,Sneha
ORD00727,2026-05-17 09:47:02.645720,P010,Product_10,Sports,North,13,3610.38,,Priya
ORD00728,2026-05-17 09:47:02.645720,P094,Product_94,Electronics,North,6,7000.35,15.0,Sneha
ORD00729,2026-06-02 09:47:02.645720,P070,Product_70,Fashion,West,14,2032.8,5.0,Anjali
ORD00730,2026-05-06 09:47:02.645720,P008,Product_8,Fashion,North,4,5071.0,10.0,Priya
ORD00731,2026-03-21 09:47:02.645720,P030,Product_30,Fashion,East,7,9025.4,,Sneha
ORD00732,2026-04-20 09:47:02.645720,P025,Product_25,Fashion,North,15,8676.74,5.0,Priya
ORD00733,2026-04-13 09:47:02.645720,P041,Product_41,Home,West,20,6415.17,,Amit
ORD00734,2026-04-29 09:47:02.645720,P059,Product_59,Sports,West,8,2223.57,,Anjali
ORD00735,2026-05-01 09:47:02.645720,P087,Product_87,Fashion,Central,4,7637.46,10.0,Rahul
ORD00736,2026-06-08 09:47:02.645720,P062,Product_62,Electronics,Central,5,2020.07,,Anjali
ORD00737,2026-05-21 09:47:02.645720,P068,Product_68,Electronics,Central,19,1122.41,5.0,Sneha
ORD00738,2026-04-05 09:47:02.645720,P090,Product_90,Fashion,North,20,6339.52,15.0,Rahul
ORD00739,2026-04-16 09:47:02.645720,P050,Product_50,Fashion,West,4,3233.65,,Amit
ORD00740,2026-04-13 09:47:02.645720,P100,Product_100,Home,Central,10,8391.93,15.0,Anjali
ORD00741,2026-04-30 09:47:02.645720,P045,Product_45,Sports,North,15,6021.1,0.0,Sneha
ORD00742,2026-04-26 09:47:02.645720,P081,Product_81,Home,West,7,9797.25,15.0,Sneha
ORD00743,2026-03-31 09:47:02.645720,P056,Product_56,Sports,North,8,2390.84,10.0,Anjali
ORD00744,2026-05-02 09:47:02.645720,P058,Product_58,Sports,West,-19,5302.28,5.0,Amit
ORD00745,2026-04-07 09:47:02.645720,P025,Product_25,Fashion,Central,4,4299.42,15.0,Anjali
ORD00746,2026-03-20 09:47:02.645720,P069,Product_69,Fashion,West,11,2517.3,15.0,Priya
ORD00747,2026-05-12 09:47:02.645720,P029,Product_29,Home,Central,10,8703.57,15.0,Anjali
ORD00748,2026-05-21 09:47:02.645720,P026,Product_26,Electronics,North,7,1344.99,10.0,Anjali
ORD00749,2026-03-23 09:47:02.645720,P074,Product_74,Electronics,West,16,7675.3,,Rahul
ORD00750,2026-05-05 09:47:02.645720,P069,Product_69,Fashion,East,-8,8722.68,5.0,Anjali
ORD00751,2026-05-07 09:47:02.645720,P061,Product_61,Sports,South,5,3115.52,15.0,Priya
ORD00752,2026-03-29 09:47:02.645720,P007,Product_7,Home,East,-11,2573.44,10.0,Amit
ORD00753,2026-04-20 09:47:02.645720,P036,Product_36,Fashion,South,5,7791.73,0.0,Vikas
ORD00754,2026-04-15 09:47:02.645720,P027,Product_27,Electronics,South,16,5699.36,10.0,Rahul
ORD00755,2026-03-19 09:47:02.645720,P054,Product_54,Home,South,3,1447.1,5.0,Anjali
ORD00756,2026-03-31 09:47:02.645720,P011,Product_11,Electronics,West,8,3092.7,10.0,Amit
ORD00757,2026-03-11 09:47:02.645720,P087,Product_87,Fashion,South,17,7734.78,15.0,Vikas
ORD00758,2026-04-02 09:47:02.645720,P095,Product_95,Home,West,10,9588.57,10.0,Sneha
ORD00759,2026-06-05 09:47:02.645720,P013,Product_13,Home,South,1,8928.96,5.0,Priya
ORD00760,2026-05-12 09:47:02.645720,P015,Product_15,Fashion,West,12,4972.15,,Rahul
ORD00761,2026-05-09 09:47:02.645720,P097,Product_97,Home,South,10,5629.78,10.0,Priya
ORD00762,2026-04-10 09:47:02.645720,P043,Product_43,Home,Central,6,5364.22,10.0,Anjali
ORD00763,2026-06-05 09:47:02.645720,P017,Product_17,Sports,South,2,6532.37,0.0,Vikas
ORD00764,2026-03-25 09:47:02.645720,P095,Product_95,Home,Central,11,5300.12,15.0,Priya
ORD00765,2026-06-07 09:47:02.645720,P080,Product_80,Home,East,12,3392.07,,Vikas
ORD00766,2026-05-29 09:47:02.645720,P090,Product_90,Fashion,North,9,3547.75,5.0,Priya
ORD00767,2026-06-08 09:47:02.645720,P027,Product_27,Electronics,North,12,3583.29,5.0,Vikas
ORD00768,2026-05-07 09:47:02.645720,P015,Product_15,Fashion,South,8,8341.95,15.0,Amit
ORD00769,2026-05-17 09:47:02.645720,P086,Product_86,Home,North,11,7884.5,5.0,Priya
ORD00770,2026-05-11 09:47:02.645720,P029,Product_29,Home,East,7,4091.01,0.0,Amit
ORD00771,2026-03-21 09:47:02.645720,P083,Product_83,Electronics,West,19,5008.29,15.0,Anjali
ORD00772,2026-04-12 09:47:02.645720,P076,Product_76,Electronics,South,15,5133.13,5.0,Amit
ORD00773,2026-03-15 09:47:02.645720,P023,Product_23,Sports,North,1,575.1,,Rahul
ORD00774,2026-05-06 09:47:02.645720,P059,Product_59,Sports,East,9,9360.61,,Anjali
ORD00775,2026-06-09 09:47:02.645720,P015,Product_15,Fashion,South,14,9928.37,0.0,Anjali
ORD00776,2026-05-24 09:47:02.645720,P028,Product_28,Electronics,East,10,4493.23,10.0,Amit
ORD00777,2026-03-28 09:47:02.645720,P030,Product_30,Fashion,Central,19,3468.99,15.0,Priya
ORD00778,2026-03-30 09:47:02.645720,P059,Product_59,Sports,East,11,2683.56,15.0,Anjali
ORD00779,2026-05-20 09:47:02.645720,P022,Product_22,Fashion,Central,5,9007.5,5.0,Sneha
ORD00780,2026-05-14 09:47:02.645720,P046,Product_46,Fashion,Central,10,9278.9,10.0,Anjali
ORD00781,2026-05-08 09:47:02.645720,P021,Product_21,Home,West,10,5801.87,15.0,Rahul
ORD00782,2026-04-12 09:47:02.645720,P087,Product_87,Fashion,East,17,4039.39,,Vikas
ORD00783,2026-05-13 09:47:02.645720,P012,Product_12,Home,West,11,9567.05,0.0,Rahul
ORD00784,2026-03-22 09:47:02.645720,P012,Product_12,Home,West,11,5520.6,10.0,Sneha
ORD00785,2026-03-12 09:47:02.645720,P068,Product_68,Electronics,West,10,3297.0,5.0,Priya
ORD00786,2026-05-17 09:47:02.645720,P089,Product_89,Fashion,North,20,4799.9,0.0,Priya
ORD00787,2026-05-27 09:47:02.645720,P002,Product_2,Electronics,West,18,4793.77,0.0,Rahul
ORD00788,2026-05-28 09:47:02.645720,P002,Product_2,Electronics,Central,17,8500.04,0.0,Rahul
ORD00789,2026-05-21 09:47:02.645720,P009,Product_9,Home,West,6,1609.3,0.0,Anjali
ORD00790,2026-04-11 09:47:02.645720,P092,Product_92,Electronics,East,2,2557.06,0.0,Rahul
ORD00791,2026-05-26 09:47:02.645720,P015,Product_15,Fashion,East,9,1654.54,0.0,Priya
ORD00792,2026-04-11 09:47:02.645720,P054,Product_54,Home,North,3,9323.93,,Anjali
ORD00793,2026-04-29 09:47:02.645720,P093,Product_93,Home,Central,6,2805.4,15.0,Sneha
ORD00794,2026-06-08 09:47:02.645720,P034,Product_34,Electronics,West,12,8351.27,0.0,Sneha
ORD00795,2026-04-17 09:47:02.645720,P007,Product_7,Home,East,10,7373.31,10.0,Rahul
ORD00796,2026-05-16 09:47:02.645720,P089,Product_89,Fashion,South,16,8948.65,0.0,Vikas
ORD00797,2026-06-06 09:47:02.645720,P051,Product_51,Home,West,8,426.72,10.0,Anjali
ORD00798,2026-05-23 09:47:02.645720,P003,Product_3,Home,South,19,6525.08,,Vikas
ORD00799,2026-03-17 09:47:02.645720,P025,Product_25,Fashion,East,20,334.05,15.0,Amit
ORD00800,2026-06-08 09:47:02.645720,P090,Product_90,Fashion,Central,9,5967.23,0.0,Anjali
ORD00801,2026-05-15 09:47:02.645720,P031,Product_31,Sports,South,4,6243.74,0.0,Vikas
ORD00802,2026-05-23 09:47:02.645720,P057,Product_57,Fashion,South,18,9404.41,5.0,Vikas
ORD00803,2026-03-19 09:47:02.645720,P078,Product_78,Fashion,Central,13,6215.86,5.0,Amit
ORD00804,2026-06-05 09:47:02.645720,P094,Product_94,Electronics,East,9,8000.06,,Sneha
ORD00805,2026-04-13 09:47:02.645720,P083,Product_83,Electronics,North,3,6360.3,,Vikas
ORD00806,2026-05-29 09:47:02.645720,P011,Product_11,Electronics,South,13,5107.41,5.0,Anjali
ORD00807,2026-05-26 09:47:02.645720,P050,Product_50,Fashion,West,4,6921.92,15.0,Anjali
ORD00808,2026-03-14 09:47:02.645720,P062,Product_62,Electronics,West,1,435.25,0.0,Priya
ORD00809,2026-06-07 09:47:02.645720,P016,Product_16,Fashion,Central,8,5195.17,10.0,Amit
ORD00810,2026-04-25 09:47:02.645720,P095,Product_95,Home,East,10,2879.97,10.0,Sneha
ORD00811,2026-04-06 09:47:02.645720,P070,Product_70,Fashion,East,8,505.31,15.0,Anjali
ORD00812,2026-03-26 09:47:02.645720,P046,Product_46,Fashion,Central,7,6675.47,0.0,Amit
ORD00813,2026-03-12 09:47:02.645720,P058,Product_58,Sports,North,9,5955.07,,Vikas
ORD00814,2026-03-16 09:47:02.645720,P095,Product_95,Home,North,19,2609.83,15.0,Vikas
ORD00815,2026-05-19 09:47:02.645720,P016,Product_16,Fashion,West,15,2481.73,10.0,Rahul
ORD00816,2026-03-30 09:47:02.645720,P034,Product_34,Electronics,South,4,3174.52,5.0,Vikas
ORD00817,2026-03-27 09:47:02.645720,P053,Product_53,Sports,Central,1,6446.7,,Amit
ORD00818,2026-04-16 09:47:02.645720,P073,Product_73,Electronics,North,11,8790.35,10.0,Sneha
ORD00819,2026-05-30 09:47:02.645720,P095,Product_95,Home,South,20,3134.66,0.0,Rahul
ORD00820,2026-06-05 09:47:02.645720,P068,Product_68,Electronics,East,3,1364.95,0.0,Sneha
ORD00821,2026-04-01 09:47:02.645720,P087,Product_87,Fashion,North,1,4230.6,10.0,Amit
ORD00822,2026-03-24 09:47:02.645720,P007,Product_7,Home,West,4,3628.53,5.0,Anjali
ORD00823,2026-05-02 09:47:02.645720,P091,Product_91,Home,Central,3,3780.68,0.0,Rahul
ORD00824,2026-04-17 09:47:02.645720,P084,Product_84,Sports,Central,8,2985.57,10.0,Sneha
ORD00825,2026-04-12 09:47:02.645720,P036,Product_36,Fashion,Central,2,2366.06,10.0,Sneha
ORD00826,2026-04-07 09:47:02.645720,P037,Product_37,Fashion,Central,20,7248.9,15.0,Anjali
ORD00827,2026-05-18 09:47:02.645720,P079,Product_79,Electronics,Central,13,3165.37,,Sneha
ORD00828,2026-05-03 09:47:02.645720,P031,Product_31,Sports,North,9,6029.65,,Sneha
ORD00829,2026-04-01 09:47:02.645720,P037,Product_37,Fashion,South,12,1395.75,0.0,Amit
ORD00830,2026-05-21 09:47:02.645720,P036,Product_36,Fashion,South,8,2952.4,10.0,Priya
ORD00831,2026-03-11 09:47:02.645720,P008,Product_8,Fashion,South,18,1487.52,15.0,Amit
ORD00832,2026-05-24 09:47:02.645720,P006,Product_6,Electronics,South,7,576.95,,Rahul
ORD00833,2026-05-03 09:47:02.645720,P065,Product_65,Electronics,West,6,9307.3,0.0,Sneha
ORD00834,2026-03-19 09:47:02.645720,P050,Product_50,Fashion,East,12,417.64,0.0,Amit
ORD00835,2026-04-05 09:47:02.645720,P005,Product_5,Electronics,North,1,5324.47,0.0,Anjali
ORD00836,2026-04-04 09:47:02.645720,P056,Product_56,Sports,Central,3,9507.2,5.0,Vikas
ORD00837,2026-03-18 09:47:02.645720,P061,Product_61,Sports,East,2,4227.04,,Sneha
ORD00838,2026-04-01 09:47:02.645720,P061,Product_61,Sports,West,16,7656.55,15.0,Anjali
ORD00839,2026-04-18 09:47:02.645720,P064,Product_64,Sports,North,20,9925.35,0.0,Anjali
ORD00840,2026-05-27 09:47:02.645720,P064,Product_64,Sports,East,9,3465.83,5.0,Sneha
ORD00841,2026-03-31 09:47:02.645720,P015,Product_15,Fashion,Central,7,2313.19,0.0,Sneha
ORD00842,2026-05-26 09:47:02.645720,P064,Product_64,Sports,North,1,8975.86,5.0,Priya
ORD00843,2026-04-04 09:47:02.645720,P031,Product_31,Sports,East,7,7186.82,15.0,Vikas
ORD00844,2026-04-22 09:47:02.645720,P089,Product_89,Fashion,North,3,9612.47,,Priya
ORD00845,2026-04-08 09:47:02.645720,P070,Product_70,Fashion,East,-14,2661.89,5.0,Rahul
ORD00846,2026-06-09 09:47:02.645720,P091,Product_91,Home,West,19,785.73,,Amit
ORD00847,2026-05-02 09:47:02.645720,P053,Product_53,Sports,West,16,1341.27,,Rahul
ORD00848,2026-05-06 09:47:02.645720,P007,Product_7,Home,South,3,2268.1,0.0,Vikas
ORD00849,2026-05-03 09:47:02.645720,P091,Product_91,Home,Central,4,1589.58,10.0,Rahul
ORD00850,2026-05-18 09:47:02.645720,P055,Product_55,Fashion,West,20,684.74,15.0,Sneha
ORD00851,2026-03-29 09:47:02.645720,P013,Product_13,Home,West,16,5765.57,5.0,Vikas
ORD00852,2026-04-29 09:47:02.645720,P073,Product_73,Electronics,Central,19,3841.2,10.0,Priya
ORD00853,2026-04-30 09:47:02.645720,P046,Product_46,Fashion,South,11,6159.4,,Priya
ORD00854,2026-04-20 09:47:02.645720,P090,Product_90,Fashion,South,17,1339.86,0.0,Rahul
ORD00855,2026-05-18 09:47:02.645720,P069,Product_69,Fashion,East,16,5560.73,0.0,Vikas
ORD00856,2026-03-26 09:47:02.645720,P057,Product_57,Fashion,Central,17,2642.48,15.0,Sneha
ORD00857,2026-05-04 09:47:02.645720,P027,Product_27,Electronics,West,17,7406.8,10.0,Amit
ORD00858,2026-04-21 09:47:02.645720,P039,Product_39,Electronics,East,2,5320.01,0.0,Sneha
ORD00859,2026-05-13 09:47:02.645720,P044,Product_44,Electronics,North,3,6321.08,0.0,Vikas
ORD00860,2026-05-31 09:47:02.645720,P092,Product_92,Electronics,South,19,2537.87,0.0,Sneha
ORD00861,2026-03-31 09:47:02.645720,P018,Product_18,Home,East,1,8266.7,0.0,Rahul
ORD00862,2026-04-15 09:47:02.645720,P023,Product_23,Sports,Central,2,9569.14,10.0,Anjali
ORD00863,2026-04-26 09:47:02.645720,P075,Product_75,Electronics,South,7,7709.59,,Vikas
ORD00864,2026-06-08 09:47:02.645720,P009,Product_9,Home,South,20,8756.74,15.0,Amit
ORD00865,2026-04-15 09:47:02.645720,P043,Product_43,Home,West,-13,9481.04,0.0,Rahul
ORD00866,2026-04-13 09:47:02.645720,P046,Product_46,Fashion,North,11,6425.64,,Vikas
ORD00867,2026-03-19 09:47:02.645720,P056,Product_56,Sports,North,3,9058.07,15.0,Sneha
ORD00868,2026-06-08 09:47:02.645720,P023,Product_23,Sports,West,4,4139.61,5.0,Priya
ORD00869,2026-04-18 09:47:02.645720,P081,Product_81,Home,Central,4,1079.66,0.0,Amit
ORD00870,2026-04-17 09:47:02.645720,P022,Product_22,Fashion,Central,4,2879.63,0.0,Rahul
ORD00871,2026-04-22 09:47:02.645720,P033,Product_33,Home,West,14,8989.28,15.0,Anjali
ORD00872,2026-04-08 09:47:02.645720,P011,Product_11,Electronics,Central,13,1857.74,5.0,Anjali
ORD00873,2026-03-18 09:47:02.645720,P081,Product_81,Home,East,8,3968.39,0.0,Anjali
ORD00874,2026-05-15 09:47:02.645720,P014,Product_14,Electronics,East,4,4415.45,10.0,Anjali
ORD00875,2026-03-11 09:47:02.645720,P026,Product_26,Electronics,North,15,8766.15,10.0,Rahul
ORD00876,2026-03-14 09:47:02.645720,P074,Product_74,Electronics,West,4,6368.66,,Priya
ORD00877,2026-05-15 09:47:02.645720,P006,Product_6,Electronics,South,14,9188.75,0.0,Vikas
ORD00878,2026-04-24 09:47:02.645720,P061,Product_61,Sports,South,10,9723.88,0.0,Priya
ORD00879,2026-04-28 09:47:02.645720,P083,Product_83,Electronics,North,5,3779.17,0.0,Vikas
ORD00880,2026-05-06 09:47:02.645720,P077,Product_77,Home,Central,-19,2100.44,0.0,Vikas
ORD00881,2026-05-26 09:47:02.645720,P080,Product_80,Home,East,14,6470.78,10.0,Sneha
ORD00882,2026-03-21 09:47:02.645720,P025,Product_25,Fashion,Central,14,2043.27,15.0,Rahul
ORD00883,2026-05-22 09:47:02.645720,P069,Product_69,Fashion,West,6,7651.74,15.0,Priya
ORD00884,2026-06-04 09:47:02.645720,P038,Product_38,Fashion,Central,9,1611.16,15.0,Sneha
ORD00885,2026-05-06 09:47:02.645720,P002,Product_2,Electronics,South,6,5174.54,10.0,Amit
ORD00886,2026-03-20 09:47:02.645720,P067,Product_67,Home,East,4,5504.17,10.0,Amit
ORD00887,2026-06-06 09:47:02.645720,P097,Product_97,Home,North,9,8445.09,,Amit
ORD00888,2026-05-09 09:47:02.645720,P091,Product_91,Home,East,2,5513.4,15.0,Vikas
ORD00889,2026-04-19 09:47:02.645720,P042,Product_42,Home,South,1,8408.81,15.0,Sneha
ORD00890,2026-04-29 09:47:02.645720,P042,Product_42,Home,Central,8,8559.91,10.0,Anjali
ORD00891,2026-05-01 09:47:02.645720,P022,Product_22,Fashion,Central,19,1496.81,5.0,Priya
ORD00892,2026-04-03 09:47:02.645720,P099,Product_99,Home,West,-9,3514.72,10.0,Rahul
ORD00893,2026-05-11 09:47:02.645720,P020,Product_20,Sports,North,19,1939.08,5.0,Vikas
ORD00894,2026-03-14 09:47:02.645720,P096,Product_96,Home,West,14,9667.24,,Priya
ORD00895,2026-05-25 09:47:02.645720,P045,Product_45,Sports,Central,6,175.4,5.0,Priya
ORD00896,2026-04-18 09:47:02.645720,P055,Product_55,Fashion,West,8,1091.5,,Sneha
ORD00897,2026-04-19 09:47:02.645720,P031,Product_31,Sports,South,10,8844.74,,Sneha
ORD00898,2026-04-19 09:47:02.645720,P078,Product_78,Fashion,South,5,5766.2,0.0,Vikas
ORD00899,2026-05-01 09:47:02.645720,P007,Product_7,Home,East,18,5578.64,0.0,Amit
ORD00900,2026-05-27 09:47:02.645720,P021,Product_21,Home,South,11,9173.62,0.0,Rahul
ORD00901,2026-03-13 09:47:02.645720,P088,Product_88,Electronics,West,17,2892.98,0.0,Priya
ORD00902,2026-03-23 09:47:02.645720,P039,Product_39,Electronics,South,20,9404.09,0.0,Sneha
ORD00903,2026-06-07 09:47:02.645720,P045,Product_45,Sports,Central,10,9328.31,,Amit
ORD00904,2026-06-09 09:47:02.645720,P029,Product_29,Home,West,11,9466.53,,Vikas
ORD00905,2026-04-11 09:47:02.645720,P091,Product_91,Home,West,18,629.4,,Vikas
ORD00906,2026-03-15 09:47:02.645720,P039,Product_39,Electronics,North,11,205.27,10.0,Sneha
ORD00907,2026-05-17 09:47:02.645720,P042,Product_42,Home,North,11,9348.09,0.0,Sneha
ORD00908,2026-04-02 09:47:02.645720,P076,Product_76,Electronics,West,13,9185.91,10.0,Amit
ORD00909,2026-05-08 09:47:02.645720,P032,Product_32,Sports,East,5,5481.98,,Rahul
ORD00910,2026-05-19 09:47:02.645720,P053,Product_53,Sports,North,12,5768.32,10.0,Amit
ORD00911,2026-04-05 09:47:02.645720,P004,Product_4,Electronics,East,4,7920.84,10.0,Amit
ORD00912,2026-04-11 09:47:02.645720,P064,Product_64,Sports,Central,8,576.91,,Amit
ORD00913,2026-03-24 09:47:02.645720,P010,Product_10,Sports,South,12,4513.67,15.0,Sneha
ORD00914,2026-03-29 09:47:02.645720,P069,Product_69,Fashion,North,12,5182.77,5.0,Vikas
ORD00915,2026-06-09 09:47:02.645720,P007,Product_7,Home,South,8,5088.02,0.0,Vikas
ORD00916,2026-05-21 09:47:02.645720,P008,Product_8,Fashion,West,20,4935.19,15.0,Sneha
ORD00917,2026-04-23 09:47:02.645720,P093,Product_93,Home,East,15,6224.1,5.0,Sneha
ORD00918,2026-05-09 09:47:02.645720,P052,Product_52,Electronics,Central,12,6272.2,5.0,Sneha
ORD00919,2026-04-26 09:47:02.645720,P004,Product_4,Electronics,East,13,9378.37,15.0,Priya
ORD00920,2026-06-04 09:47:02.645720,P065,Product_65,Electronics,South,9,3587.6,5.0,Amit
ORD00921,2026-06-02 09:47:02.645720,P054,Product_54,Home,Central,1,1946.18,10.0,Priya
ORD00922,2026-05-01 09:47:02.645720,P026,Product_26,Electronics,West,9,291.85,5.0,Vikas
ORD00923,2026-04-21 09:47:02.645720,P070,Product_70,Fashion,Central,6,1230.74,0.0,Sneha
ORD00924,2026-05-16 09:47:02.645720,P048,Product_48,Electronics,East,13,9815.23,0.0,Rahul
ORD00925,2026-04-19 09:47:02.645720,P081,Product_81,Home,North,17,5914.71,5.0,Anjali
ORD00926,2026-05-25 09:47:02.645720,P074,Product_74,Electronics,South,19,2611.0,,Vikas
ORD00927,2026-06-08 09:47:02.645720,P033,Product_33,Home,South,18,8591.23,15.0,Rahul
ORD00928,2026-04-06 09:47:02.645720,P029,Product_29,Home,West,9,2223.78,10.0,Sneha
ORD00929,2026-04-15 09:47:02.645720,P079,Product_79,Electronics,East,16,2493.31,5.0,Vikas
ORD00930,2026-03-15 09:47:02.645720,P028,Product_28,Electronics,Central,10,5752.94,,Vikas
ORD00931,2026-04-01 09:47:02.645720,P095,Product_95,Home,East,1,160.22,,Sneha
ORD00932,2026-03-12 09:47:02.645720,P094,Product_94,Electronics,East,15,3128.23,15.0,Anjali
ORD00933,2026-06-05 09:47:02.645720,P065,Product_65,Electronics,East,1,7303.49,15.0,Rahul
ORD00934,2026-05-03 09:47:02.645720,P020,Product_20,Sports,West,1,3093.31,5.0,Vikas
ORD00935,2026-04-20 09:47:02.645720,P093,Product_93,Home,North,20,386.86,0.0,Sneha
ORD00936,2026-03-22 09:47:02.645720,P090,Product_90,Fashion,Central,19,1418.39,10.0,Amit
ORD00937,2026-03-19 09:47:02.645720,P039,Product_39,Electronics,North,16,7776.22,5.0,Vikas
ORD00938,2026-04-04 09:47:02.645720,P053,Product_53,Sports,Central,10,6371.78,,Anjali
ORD00939,2026-05-18 09:47:02.645720,P055,Product_55,Fashion,East,18,5714.36,15.0,Priya
ORD00940,2026-06-08 09:47:02.645720,P093,Product_93,Home,Central,19,9324.82,,Sneha
ORD00941,2026-03-22 09:47:02.645720,P088,Product_88,Electronics,North,15,2991.45,5.0,Priya
ORD00942,2026-05-11 09:47:02.645720,P062,Product_62,Electronics,North,9,571.99,10.0,Vikas
ORD00943,2026-04-15 09:47:02.645720,P038,Product_38,Fashion,Central,19,3267.91,10.0,Priya
ORD00944,2026-04-27 09:47:02.645720,P069,Product_69,Fashion,South,17,7242.38,5.0,Anjali
ORD00945,2026-05-22 09:47:02.645720,P093,Product_93,Home,South,8,1728.57,,Priya
ORD00946,2026-06-09 09:47:02.645720,P058,Product_58,Sports,East,6,453.0,15.0,Vikas
ORD00947,2026-03-27 09:47:02.645720,P069,Product_69,Fashion,South,1,5283.38,,Anjali
ORD00948,2026-05-26 09:47:02.645720,P026,Product_26,Electronics,East,14,4574.79,5.0,Rahul
ORD00949,2026-03-27 09:47:02.645720,P090,Product_90,Fashion,East,3,6923.44,10.0,Amit
ORD00950,2026-06-03 09:47:02.645720,P095,Product_95,Home,West,19,5217.13,5.0,Rahul
ORD00951,2026-04-23 09:47:02.645720,P053,Product_53,Sports,North,2,7299.91,0.0,Rahul
ORD00952,2026-05-12 09:47:02.645720,P029,Product_29,Home,Central,14,359.13,,Anjali
ORD00953,2026-04-03 09:47:02.645720,P097,Product_97,Home,West,19,4069.52,,Sneha
ORD00954,2026-06-03 09:47:02.645720,P043,Product_43,Home,West,16,1958.33,,Anjali
ORD00955,2026-04-20 09:47:02.645720,P058,Product_58,Sports,East,8,3613.87,0.0,Priya
ORD00956,2026-03-17 09:47:02.645720,P049,Product_49,Home,South,8,5286.25,,Anjali
ORD00957,2026-03-18 09:47:02.645720,P074,Product_74,Electronics,South,8,5438.01,0.0,Priya
ORD00958,2026-04-05 09:47:02.645720,P013,Product_13,Home,South,19,3010.1,5.0,Amit
ORD00959,2026-04-24 09:47:02.645720,P025,Product_25,Fashion,West,6,5646.83,,Anjali
ORD00960,2026-05-05 09:47:02.645720,P016,Product_16,Fashion,North,14,6598.75,,Vikas
ORD00961,2026-05-09 09:47:02.645720,P087,Product_87,Fashion,Central,1,6609.71,15.0,Vikas
ORD00962,2026-04-06 09:47:02.645720,P026,Product_26,Electronics,North,7,3952.3,,Vikas
ORD00963,2026-06-03 09:47:02.645720,P054,Product_54,Home,East,17,3319.51,,Sneha
ORD00964,2026-04-05 09:47:02.645720,P094,Product_94,Electronics,Central,3,5095.12,15.0,Sneha
ORD00965,2026-04-01 09:47:02.645720,P057,Product_57,Fashion,West,12,4962.96,5.0,Priya
ORD00966,2026-03-19 09:47:02.645720,P097,Product_97,Home,East,18,8018.33,0.0,Sneha
ORD00967,2026-04-15 09:47:02.645720,P015,Product_15,Fashion,North,8,4472.17,15.0,Rahul
ORD00968,2026-05-13 09:47:02.645720,P001,Product_1,Fashion,North,1,3835.3,15.0,Amit
ORD00969,2026-03-30 09:47:02.645720,P056,Product_56,Sports,Central,11,1299.47,5.0,Priya
ORD00970,2026-05-12 09:47:02.645720,P027,Product_27,Electronics,East,1,5222.73,0.0,Anjali
ORD00971,2026-04-05 09:47:02.645720,P001,Product_1,Fashion,East,2,8146.34,,Amit
ORD00972,2026-04-23 09:47:02.645720,P061,Product_61,Sports,South,3,7418.33,0.0,Priya
ORD00973,2026-03-15 09:47:02.645720,P025,Product_25,Fashion,East,9,6635.61,15.0,Rahul
ORD00974,2026-05-06 09:47:02.645720,P023,Product_23,Sports,West,4,4112.37,10.0,Anjali
ORD00975,2026-05-27 09:47:02.645720,P019,Product_19,Home,West,9,3685.71,10.0,Sneha
ORD00976,2026-04-11 09:47:02.645720,P018,Product_18,Home,Central,9,5762.31,,Priya
ORD00977,2026-04-14 09:47:02.645720,P015,Product_15,Fashion,South,16,4717.35,5.0,Priya
ORD00978,2026-03-28 09:47:02.645720,P034,Product_34,Electronics,South,18,123.16,5.0,Amit
ORD00979,2026-05-07 09:47:02.645720,P033,Product_33,Home,South,2,1248.9,15.0,Sneha
ORD00980,2026-05-10 09:47:02.645720,P065,Product_65,Electronics,West,15,3706.63,10.0,Sneha
ORD00981,2026-04-01 09:47:02.645720,P072,Product_72,Fashion,North,5,3475.98,15.0,Priya
ORD00982,2026-06-03 09:47:02.645720,P096,Product_96,Home,East,-12,2036.78,15.0,Sneha
ORD00983,2026-04-11 09:47:02.645720,P051,Product_51,Home,West,1,1097.86,15.0,Priya
ORD00984,2026-03-28 09:47:02.645720,P093,Product_93,Home,East,-3,4945.22,10.0,Priya
ORD00985,2026-05-20 09:47:02.645720,P029,Product_29,Home,West,20,8912.25,,Priya
ORD00986,2026-06-07 09:47:02.645720,P044,Product_44,Electronics,North,15,5277.78,,Priya
ORD00987,2026-03-13 09:47:02.645720,P047,Product_47,Electronics,North,19,5591.32,15.0,Amit
ORD00988,2026-03-25 09:47:02.645720,P015,Product_15,Fashion,West,3,963.4,0.0,Priya
ORD00989,2026-04-12 09:47:02.645720,P001,Product_1,Fashion,Central,20,5448.01,0.0,Amit
ORD00990,2026-03-24 09:47:02.645720,P068,Product_68,Electronics,South,17,8585.47,5.0,Anjali
ORD00991,2026-04-02 09:47:02.645720,P076,Product_76,Electronics,West,7,3900.73,5.0,Amit
ORD00992,2026-05-07 09:47:02.645720,P090,Product_90,Fashion,Central,10,3943.01,,Rahul
ORD00993,2026-03-18 09:47:02.645720,P079,Product_79,Electronics,West,19,8428.24,15.0,Sneha
ORD00994,2026-03-12 09:47:02.645720,P057,Product_57,Fashion,West,20,329.77,5.0,Anjali
ORD00995,2026-05-07 09:47:02.645720,P011,Product_11,Electronics,West,10,7772.89,10.0,Priya
ORD00996,2026-04-21 09:47:02.645720,P080,Product_80,Home,Central,5,1726.01,,Anjali
ORD00997,2026-05-29 09:47:02.645720,P013,Product_13,Home,South,8,6134.21,,Rahul
ORD00998,2026-03-14 09:47:02.645720,P026,Product_26,Electronics,North,10,2520.33,,Anjali
ORD00999,2026-04-19 09:47:02.645720,P094,Product_94,Electronics,South,10,8518.27,,Rahul
ORD01000,2026-04-08 09:47:02.645720,P075,Product_75,Electronics,South,13,7145.32,5.0,Sneha
ORD00059,2026-05-04 09:47:02.645720,P034,Product_34,Electronics,Central,20,9034.84,0.0,Priya
ORD00120,2026-04-07 09:47:02.645720,P085,Product_85,Fashion,South,8,9339.07,5.0,Rahul
ORD00609,2026-03-19 09:47:02.645720,P004,Product_4,Electronics,North,12,9316.42,15.0,Priya
ORD00433,2026-04-21 09:47:02.645720,P093,Product_93,Home,North,8,5336.29,0.0,Vikas
ORD00934,2026-05-03 09:47:02.645720,P020,Product_20,Sports,West,1,3093.31,5.0,Vikas
ORD00435,2026-06-01 09:47:02.645720,P026,Product_26,Electronics,East,11,3761.44,10.0,Sneha
ORD00709,2026-05-18 09:47:02.645720,P010,Product_10,Sports,East,8,5088.39,15.0,Sneha
ORD00206,2026-04-04 09:47:02.645720,P083,Product_83,Electronics,North,11,4719.07,10.0,Sneha
ORD00181,2026-05-12 09:47:02.645720,P028,Product_28,Electronics,North,2,9152.01,15.0,Amit
ORD00037,2026-04-22 09:47:02.645720,P090,Product_90,Fashion,South,11,6900.89,,Vikas
ORD00887,2026-06-06 09:47:02.645720,P097,Product_97,Home,North,9,8445.09,,Amit
ORD00384,2026-03-20 09:47:02.645720,P071,Product_71,Electronics,Central,17,9399.0,0.0,Vikas
ORD00962,2026-04-06 09:47:02.645720,P026,Product_26,Electronics,North,7,3952.3,,Vikas
ORD00816,2026-03-30 09:47:02.645720,P034,Product_34,Electronics,South,4,3174.52,5.0,Vikas
ORD00842,2026-05-26 09:47:02.645720,P064,Product_64,Sports,North,1,8975.86,5.0,Priya
ORD00414,2026-03-19 09:47:02.645720,P044,Product_44,Electronics,East,10,7836.85,5.0,Sneha
ORD00183,2026-05-23 09:47:02.645720,P099,Product_99,Home,East,20,1851.25,10.0,Sneha
ORD00412,2026-04-05 09:47:02.645720,P067,Product_67,Home,South,3,782.25,10.0,Sneha
ORD00828,2026-05-03 09:47:02.645720,P031,Product_31,Sports,North,9,6029.65,,Sneha
ORD00140,2026-04-06 09:47:02.645720,P064,Product_64,Sports,South,1,3114.64,5.0,Anjali
